1;mlst_cmp.py;exp_GE_20_400;graph_GE_20_1_50_20_0;output_cmp.csv;
2;mlst_cmp.py;exp_GE_20_400;graph_GE_20_1_50_20_1;output_cmp.csv;
3;mlst_cmp.py;exp_GE_20_400;graph_GE_20_1_50_20_2;output_cmp.csv;
4;mlst_cmp.py;exp_GE_20_400;graph_GE_20_1_50_20_3;output_cmp.csv;
5;mlst_cmp.py;exp_GE_20_400;graph_GE_20_1_50_20_4;output_cmp.csv;
6;mlst_cmp.py;exp_GE_20_400;graph_GE_20_1_50_20_5;output_cmp.csv;
7;mlst_cmp.py;exp_GE_20_400;graph_GE_20_1_50_20_6;output_cmp.csv;
8;mlst_cmp.py;exp_GE_20_400;graph_GE_20_1_50_20_7;output_cmp.csv;
9;mlst_cmp.py;exp_GE_20_400;graph_GE_20_1_50_20_8;output_cmp.csv;
10;mlst_cmp.py;exp_GE_20_400;graph_GE_20_1_50_20_9;output_cmp.csv;
11;mlst_cmp.py;exp_GE_20_400;graph_GE_20_1_50_20_10;output_cmp.csv;
12;mlst_cmp.py;exp_GE_20_400;graph_GE_20_1_50_20_11;output_cmp.csv;
13;mlst_cmp.py;exp_GE_20_400;graph_GE_20_1_50_20_12;output_cmp.csv;
14;mlst_cmp.py;exp_GE_20_400;graph_GE_20_1_50_20_13;output_cmp.csv;
15;mlst_cmp.py;exp_GE_20_400;graph_GE_20_1_50_20_14;output_cmp.csv;
16;mlst_cmp.py;exp_GE_20_400;graph_GE_20_1_50_20_15;output_cmp.csv;
17;mlst_cmp.py;exp_GE_20_400;graph_GE_20_1_50_20_16;output_cmp.csv;
18;mlst_cmp.py;exp_GE_20_400;graph_GE_20_1_50_20_17;output_cmp.csv;
19;mlst_cmp.py;exp_GE_20_400;graph_GE_20_1_50_20_18;output_cmp.csv;
20;mlst_cmp.py;exp_GE_20_400;graph_GE_20_1_50_20_19;output_cmp.csv;
21;mlst_cmp.py;exp_GE_20_400;graph_GE_20_1_50_20_20;output_cmp.csv;
22;mlst_cmp.py;exp_GE_20_400;graph_GE_20_1_50_20_21;output_cmp.csv;
23;mlst_cmp.py;exp_GE_20_400;graph_GE_20_1_50_20_22;output_cmp.csv;
24;mlst_cmp.py;exp_GE_20_400;graph_GE_20_1_50_20_23;output_cmp.csv;
25;mlst_cmp.py;exp_GE_20_400;graph_GE_20_1_50_20_24;output_cmp.csv;
26;mlst_cmp.py;exp_GE_20_400;graph_GE_20_1_50_20_25;output_cmp.csv;
27;mlst_cmp.py;exp_GE_20_400;graph_GE_20_1_50_20_26;output_cmp.csv;
28;mlst_cmp.py;exp_GE_20_400;graph_GE_20_1_50_20_27;output_cmp.csv;
29;mlst_cmp.py;exp_GE_20_400;graph_GE_20_1_50_20_28;output_cmp.csv;
30;mlst_cmp.py;exp_GE_20_400;graph_GE_20_1_50_20_29;output_cmp.csv;
31;mlst_cmp.py;exp_GE_20_400;graph_GE_20_1_50_20_30;output_cmp.csv;
32;mlst_cmp.py;exp_GE_20_400;graph_GE_20_1_50_20_31;output_cmp.csv;
33;mlst_cmp.py;exp_GE_20_400;graph_GE_20_1_50_20_32;output_cmp.csv;
34;mlst_cmp.py;exp_GE_20_400;graph_GE_20_1_50_20_33;output_cmp.csv;
35;mlst_cmp.py;exp_GE_20_400;graph_GE_20_1_50_20_34;output_cmp.csv;
36;mlst_cmp.py;exp_GE_20_400;graph_GE_20_1_50_20_35;output_cmp.csv;
37;mlst_cmp.py;exp_GE_20_400;graph_GE_20_1_50_20_36;output_cmp.csv;
38;mlst_cmp.py;exp_GE_20_400;graph_GE_20_1_50_20_37;output_cmp.csv;
39;mlst_cmp.py;exp_GE_20_400;graph_GE_20_1_50_20_38;output_cmp.csv;
40;mlst_cmp.py;exp_GE_20_400;graph_GE_20_1_50_20_39;output_cmp.csv;
41;mlst_cmp.py;exp_GE_20_400;graph_GE_20_1_50_20_40;output_cmp.csv;
42;mlst_cmp.py;exp_GE_20_400;graph_GE_20_1_50_20_41;output_cmp.csv;
43;mlst_cmp.py;exp_GE_20_400;graph_GE_20_1_50_20_42;output_cmp.csv;
44;mlst_cmp.py;exp_GE_20_400;graph_GE_20_1_50_20_43;output_cmp.csv;
45;mlst_cmp.py;exp_GE_20_400;graph_GE_20_1_50_20_44;output_cmp.csv;
46;mlst_cmp.py;exp_GE_20_400;graph_GE_20_1_50_20_45;output_cmp.csv;
47;mlst_cmp.py;exp_GE_20_400;graph_GE_20_1_50_20_46;output_cmp.csv;
48;mlst_cmp.py;exp_GE_20_400;graph_GE_20_1_50_20_47;output_cmp.csv;
49;mlst_cmp.py;exp_GE_20_400;graph_GE_20_1_50_20_48;output_cmp.csv;
50;mlst_cmp.py;exp_GE_20_400;graph_GE_20_1_50_20_49;output_cmp.csv;
51;mlst_cmp.py;exp_GE_20_400;graph_GE_20_1_50_20_50;output_cmp.csv;
52;mlst_cmp.py;exp_GE_20_400;graph_GE_20_1_50_20_51;output_cmp.csv;
53;mlst_cmp.py;exp_GE_20_400;graph_GE_20_1_50_20_52;output_cmp.csv;
54;mlst_cmp.py;exp_GE_20_400;graph_GE_20_1_50_20_53;output_cmp.csv;
55;mlst_cmp.py;exp_GE_20_400;graph_GE_20_1_50_20_54;output_cmp.csv;
56;mlst_cmp.py;exp_GE_20_400;graph_GE_20_1_50_20_55;output_cmp.csv;
57;mlst_cmp.py;exp_GE_20_400;graph_GE_20_1_50_20_56;output_cmp.csv;
58;mlst_cmp.py;exp_GE_20_400;graph_GE_20_1_50_20_57;output_cmp.csv;
59;mlst_cmp.py;exp_GE_20_400;graph_GE_20_1_50_20_58;output_cmp.csv;
60;mlst_cmp.py;exp_GE_20_400;graph_GE_20_1_50_20_59;output_cmp.csv;
61;mlst_cmp.py;exp_GE_20_400;graph_GE_20_1_50_20_60;output_cmp.csv;
62;mlst_cmp.py;exp_GE_20_400;graph_GE_20_1_50_20_61;output_cmp.csv;
63;mlst_cmp.py;exp_GE_20_400;graph_GE_20_1_50_20_62;output_cmp.csv;
64;mlst_cmp.py;exp_GE_20_400;graph_GE_20_1_50_20_63;output_cmp.csv;
65;mlst_cmp.py;exp_GE_20_400;graph_GE_20_1_50_20_64;output_cmp.csv;
66;mlst_cmp.py;exp_GE_20_400;graph_GE_20_1_50_20_65;output_cmp.csv;
67;mlst_cmp.py;exp_GE_20_400;graph_GE_20_1_50_20_66;output_cmp.csv;
68;mlst_cmp.py;exp_GE_20_400;graph_GE_20_1_50_20_67;output_cmp.csv;
69;mlst_cmp.py;exp_GE_20_400;graph_GE_20_1_50_20_68;output_cmp.csv;
70;mlst_cmp.py;exp_GE_20_400;graph_GE_20_1_50_20_69;output_cmp.csv;
71;mlst_cmp.py;exp_GE_20_400;graph_GE_20_1_50_20_70;output_cmp.csv;
72;mlst_cmp.py;exp_GE_20_400;graph_GE_20_1_50_20_71;output_cmp.csv;
73;mlst_cmp.py;exp_GE_20_400;graph_GE_20_1_50_20_72;output_cmp.csv;
74;mlst_cmp.py;exp_GE_20_400;graph_GE_20_1_50_20_73;output_cmp.csv;
75;mlst_cmp.py;exp_GE_20_400;graph_GE_20_1_50_20_74;output_cmp.csv;
76;mlst_cmp.py;exp_GE_20_400;graph_GE_20_1_50_20_75;output_cmp.csv;
77;mlst_cmp.py;exp_GE_20_400;graph_GE_20_1_50_20_76;output_cmp.csv;
78;mlst_cmp.py;exp_GE_20_400;graph_GE_20_1_50_20_77;output_cmp.csv;
79;mlst_cmp.py;exp_GE_20_400;graph_GE_20_1_50_20_78;output_cmp.csv;
80;mlst_cmp.py;exp_GE_20_400;graph_GE_20_1_50_20_79;output_cmp.csv;
81;mlst_cmp.py;exp_GE_20_400;graph_GE_20_1_50_20_80;output_cmp.csv;
82;mlst_cmp.py;exp_GE_20_400;graph_GE_20_1_50_20_81;output_cmp.csv;
83;mlst_cmp.py;exp_GE_20_400;graph_GE_20_1_50_20_82;output_cmp.csv;
84;mlst_cmp.py;exp_GE_20_400;graph_GE_20_1_50_20_83;output_cmp.csv;
85;mlst_cmp.py;exp_GE_20_400;graph_GE_20_1_50_20_84;output_cmp.csv;
86;mlst_cmp.py;exp_GE_20_400;graph_GE_20_1_50_20_85;output_cmp.csv;
87;mlst_cmp.py;exp_GE_20_400;graph_GE_20_1_50_20_86;output_cmp.csv;
88;mlst_cmp.py;exp_GE_20_400;graph_GE_20_1_50_20_87;output_cmp.csv;
89;mlst_cmp.py;exp_GE_20_400;graph_GE_20_1_50_20_88;output_cmp.csv;
90;mlst_cmp.py;exp_GE_20_400;graph_GE_20_1_50_20_89;output_cmp.csv;
91;mlst_cmp.py;exp_GE_20_400;graph_GE_20_1_50_20_90;output_cmp.csv;
92;mlst_cmp.py;exp_GE_20_400;graph_GE_20_1_50_20_91;output_cmp.csv;
93;mlst_cmp.py;exp_GE_20_400;graph_GE_20_1_50_20_92;output_cmp.csv;
94;mlst_cmp.py;exp_GE_20_400;graph_GE_20_1_50_20_93;output_cmp.csv;
95;mlst_cmp.py;exp_GE_20_400;graph_GE_20_1_50_20_94;output_cmp.csv;
96;mlst_cmp.py;exp_GE_20_400;graph_GE_20_1_50_20_95;output_cmp.csv;
97;mlst_cmp.py;exp_GE_20_400;graph_GE_20_1_50_20_96;output_cmp.csv;
98;mlst_cmp.py;exp_GE_20_400;graph_GE_20_1_50_20_97;output_cmp.csv;
99;mlst_cmp.py;exp_GE_20_400;graph_GE_20_1_50_20_98;output_cmp.csv;
100;mlst_cmp.py;exp_GE_20_400;graph_GE_20_1_50_20_99;output_cmp.csv;
101;mlst_cmp.py;exp_GE_20_400;graph_GE_20_1_50_20_100;output_cmp.csv;
102;mlst_cmp.py;exp_GE_20_400;graph_GE_20_1_50_20_101;output_cmp.csv;
103;mlst_cmp.py;exp_GE_20_400;graph_GE_20_1_50_20_102;output_cmp.csv;
104;mlst_cmp.py;exp_GE_20_400;graph_GE_20_1_50_20_103;output_cmp.csv;
105;mlst_cmp.py;exp_GE_20_400;graph_GE_20_1_50_20_104;output_cmp.csv;
106;mlst_cmp.py;exp_GE_20_400;graph_GE_20_1_50_20_105;output_cmp.csv;
107;mlst_cmp.py;exp_GE_20_400;graph_GE_20_1_50_20_106;output_cmp.csv;
108;mlst_cmp.py;exp_GE_20_400;graph_GE_20_1_50_20_107;output_cmp.csv;
109;mlst_cmp.py;exp_GE_20_400;graph_GE_20_1_50_20_108;output_cmp.csv;
110;mlst_cmp.py;exp_GE_20_400;graph_GE_20_1_50_20_109;output_cmp.csv;
111;mlst_cmp.py;exp_GE_20_400;graph_GE_20_1_50_20_110;output_cmp.csv;
112;mlst_cmp.py;exp_GE_20_400;graph_GE_20_1_50_20_111;output_cmp.csv;
113;mlst_cmp.py;exp_GE_20_400;graph_GE_20_1_50_20_112;output_cmp.csv;
114;mlst_cmp.py;exp_GE_20_400;graph_GE_20_1_50_20_113;output_cmp.csv;
115;mlst_cmp.py;exp_GE_20_400;graph_GE_20_1_50_20_114;output_cmp.csv;
116;mlst_cmp.py;exp_GE_20_400;graph_GE_20_1_50_20_115;output_cmp.csv;
117;mlst_cmp.py;exp_GE_20_400;graph_GE_20_1_50_20_116;output_cmp.csv;
118;mlst_cmp.py;exp_GE_20_400;graph_GE_20_1_50_20_117;output_cmp.csv;
119;mlst_cmp.py;exp_GE_20_400;graph_GE_20_1_50_20_118;output_cmp.csv;
120;mlst_cmp.py;exp_GE_20_400;graph_GE_20_1_50_20_119;output_cmp.csv;
121;mlst_cmp.py;exp_GE_20_400;graph_GE_20_1_50_20_120;output_cmp.csv;
122;mlst_cmp.py;exp_GE_20_400;graph_GE_20_1_50_20_121;output_cmp.csv;
123;mlst_cmp.py;exp_GE_20_400;graph_GE_20_1_50_20_122;output_cmp.csv;
124;mlst_cmp.py;exp_GE_20_400;graph_GE_20_1_50_20_123;output_cmp.csv;
125;mlst_cmp.py;exp_GE_20_400;graph_GE_20_1_50_20_124;output_cmp.csv;
126;mlst_cmp.py;exp_GE_20_400;graph_GE_20_1_50_20_125;output_cmp.csv;
127;mlst_cmp.py;exp_GE_20_400;graph_GE_20_1_50_20_126;output_cmp.csv;
128;mlst_cmp.py;exp_GE_20_400;graph_GE_20_1_50_20_127;output_cmp.csv;
129;mlst_cmp.py;exp_GE_20_400;graph_GE_20_1_50_20_128;output_cmp.csv;
130;mlst_cmp.py;exp_GE_20_400;graph_GE_20_1_50_20_129;output_cmp.csv;
131;mlst_cmp.py;exp_GE_20_400;graph_GE_20_1_50_20_130;output_cmp.csv;
132;mlst_cmp.py;exp_GE_20_400;graph_GE_20_1_50_20_131;output_cmp.csv;
133;mlst_cmp.py;exp_GE_20_400;graph_GE_20_1_50_20_132;output_cmp.csv;
134;mlst_cmp.py;exp_GE_20_400;graph_GE_20_1_50_20_133;output_cmp.csv;
135;mlst_cmp.py;exp_GE_20_400;graph_GE_20_1_50_20_134;output_cmp.csv;
136;mlst_cmp.py;exp_GE_20_400;graph_GE_20_1_50_20_135;output_cmp.csv;
137;mlst_cmp.py;exp_GE_20_400;graph_GE_20_1_50_20_136;output_cmp.csv;
138;mlst_cmp.py;exp_GE_20_400;graph_GE_20_1_50_20_137;output_cmp.csv;
139;mlst_cmp.py;exp_GE_20_400;graph_GE_20_1_50_20_138;output_cmp.csv;
140;mlst_cmp.py;exp_GE_20_400;graph_GE_20_1_50_20_139;output_cmp.csv;
141;mlst_cmp.py;exp_GE_20_400;graph_GE_20_1_50_20_140;output_cmp.csv;
142;mlst_cmp.py;exp_GE_20_400;graph_GE_20_1_50_20_141;output_cmp.csv;
143;mlst_cmp.py;exp_GE_20_400;graph_GE_20_1_50_20_142;output_cmp.csv;
144;mlst_cmp.py;exp_GE_20_400;graph_GE_20_1_50_20_143;output_cmp.csv;
145;mlst_cmp.py;exp_GE_20_400;graph_GE_20_1_50_20_144;output_cmp.csv;
146;mlst_cmp.py;exp_GE_20_400;graph_GE_20_1_50_20_145;output_cmp.csv;
147;mlst_cmp.py;exp_GE_20_400;graph_GE_20_1_50_20_146;output_cmp.csv;
148;mlst_cmp.py;exp_GE_20_400;graph_GE_20_1_50_20_147;output_cmp.csv;
149;mlst_cmp.py;exp_GE_20_400;graph_GE_20_1_50_20_148;output_cmp.csv;
150;mlst_cmp.py;exp_GE_20_400;graph_GE_20_1_50_20_149;output_cmp.csv;
151;mlst_cmp.py;exp_GE_20_400;graph_GE_20_1_50_20_150;output_cmp.csv;
152;mlst_cmp.py;exp_GE_20_400;graph_GE_20_1_50_20_151;output_cmp.csv;
153;mlst_cmp.py;exp_GE_20_400;graph_GE_20_1_50_20_152;output_cmp.csv;
154;mlst_cmp.py;exp_GE_20_400;graph_GE_20_1_50_20_153;output_cmp.csv;
155;mlst_cmp.py;exp_GE_20_400;graph_GE_20_1_50_20_154;output_cmp.csv;
156;mlst_cmp.py;exp_GE_20_400;graph_GE_20_1_50_20_155;output_cmp.csv;
157;mlst_cmp.py;exp_GE_20_400;graph_GE_20_1_50_20_156;output_cmp.csv;
158;mlst_cmp.py;exp_GE_20_400;graph_GE_20_1_50_20_157;output_cmp.csv;
159;mlst_cmp.py;exp_GE_20_400;graph_GE_20_1_50_20_158;output_cmp.csv;
160;mlst_cmp.py;exp_GE_20_400;graph_GE_20_1_50_20_159;output_cmp.csv;
161;mlst_cmp.py;exp_GE_20_400;graph_GE_20_1_50_20_160;output_cmp.csv;
162;mlst_cmp.py;exp_GE_20_400;graph_GE_20_1_50_20_161;output_cmp.csv;
163;mlst_cmp.py;exp_GE_20_400;graph_GE_20_1_50_20_162;output_cmp.csv;
164;mlst_cmp.py;exp_GE_20_400;graph_GE_20_1_50_20_163;output_cmp.csv;
165;mlst_cmp.py;exp_GE_20_400;graph_GE_20_1_50_20_164;output_cmp.csv;
166;mlst_cmp.py;exp_GE_20_400;graph_GE_20_1_50_20_165;output_cmp.csv;
167;mlst_cmp.py;exp_GE_20_400;graph_GE_20_1_50_20_166;output_cmp.csv;
168;mlst_cmp.py;exp_GE_20_400;graph_GE_20_1_50_20_167;output_cmp.csv;
169;mlst_cmp.py;exp_GE_20_400;graph_GE_20_1_50_20_168;output_cmp.csv;
170;mlst_cmp.py;exp_GE_20_400;graph_GE_20_1_50_20_169;output_cmp.csv;
171;mlst_cmp.py;exp_GE_20_400;graph_GE_20_1_50_20_170;output_cmp.csv;
172;mlst_cmp.py;exp_GE_20_400;graph_GE_20_1_50_20_171;output_cmp.csv;
173;mlst_cmp.py;exp_GE_20_400;graph_GE_20_1_50_20_172;output_cmp.csv;
174;mlst_cmp.py;exp_GE_20_400;graph_GE_20_1_50_20_173;output_cmp.csv;
175;mlst_cmp.py;exp_GE_20_400;graph_GE_20_1_50_20_174;output_cmp.csv;
176;mlst_cmp.py;exp_GE_20_400;graph_GE_20_1_50_20_175;output_cmp.csv;
177;mlst_cmp.py;exp_GE_20_400;graph_GE_20_1_50_20_176;output_cmp.csv;
178;mlst_cmp.py;exp_GE_20_400;graph_GE_20_1_50_20_177;output_cmp.csv;
179;mlst_cmp.py;exp_GE_20_400;graph_GE_20_1_50_20_178;output_cmp.csv;
180;mlst_cmp.py;exp_GE_20_400;graph_GE_20_1_50_20_179;output_cmp.csv;
181;mlst_cmp.py;exp_GE_20_400;graph_GE_20_1_50_20_180;output_cmp.csv;
182;mlst_cmp.py;exp_GE_20_400;graph_GE_20_1_50_20_181;output_cmp.csv;
183;mlst_cmp.py;exp_GE_20_400;graph_GE_20_1_50_20_182;output_cmp.csv;
184;mlst_cmp.py;exp_GE_20_400;graph_GE_20_1_50_20_183;output_cmp.csv;
185;mlst_cmp.py;exp_GE_20_400;graph_GE_20_1_50_20_184;output_cmp.csv;
186;mlst_cmp.py;exp_GE_20_400;graph_GE_20_1_50_20_185;output_cmp.csv;
187;mlst_cmp.py;exp_GE_20_400;graph_GE_20_1_50_20_186;output_cmp.csv;
188;mlst_cmp.py;exp_GE_20_400;graph_GE_20_1_50_20_187;output_cmp.csv;
189;mlst_cmp.py;exp_GE_20_400;graph_GE_20_1_50_20_188;output_cmp.csv;
190;mlst_cmp.py;exp_GE_20_400;graph_GE_20_1_50_20_189;output_cmp.csv;
191;mlst_cmp.py;exp_GE_20_400;graph_GE_20_1_50_20_190;output_cmp.csv;
192;mlst_cmp.py;exp_GE_20_400;graph_GE_20_1_50_20_191;output_cmp.csv;
193;mlst_cmp.py;exp_GE_20_400;graph_GE_20_1_50_20_192;output_cmp.csv;
194;mlst_cmp.py;exp_GE_20_400;graph_GE_20_1_50_20_193;output_cmp.csv;
195;mlst_cmp.py;exp_GE_20_400;graph_GE_20_1_50_20_194;output_cmp.csv;
196;mlst_cmp.py;exp_GE_20_400;graph_GE_20_1_50_20_195;output_cmp.csv;
197;mlst_cmp.py;exp_GE_20_400;graph_GE_20_1_50_20_196;output_cmp.csv;
198;mlst_cmp.py;exp_GE_20_400;graph_GE_20_1_50_20_197;output_cmp.csv;
199;mlst_cmp.py;exp_GE_20_400;graph_GE_20_1_50_20_198;output_cmp.csv;
200;mlst_cmp.py;exp_GE_20_400;graph_GE_20_1_50_20_199;output_cmp.csv;
201;mlst_cmp.py;exp_GE_20_400;graph_GE_20_1_50_20_200;output_cmp.csv;
202;mlst_cmp.py;exp_GE_20_400;graph_GE_20_1_50_20_201;output_cmp.csv;
203;mlst_cmp.py;exp_GE_20_400;graph_GE_20_1_50_20_202;output_cmp.csv;
204;mlst_cmp.py;exp_GE_20_400;graph_GE_20_1_50_20_203;output_cmp.csv;
205;mlst_cmp.py;exp_GE_20_400;graph_GE_20_1_50_20_204;output_cmp.csv;
206;mlst_cmp.py;exp_GE_20_400;graph_GE_20_1_50_20_205;output_cmp.csv;
207;mlst_cmp.py;exp_GE_20_400;graph_GE_20_1_50_20_206;output_cmp.csv;
208;mlst_cmp.py;exp_GE_20_400;graph_GE_20_1_50_20_207;output_cmp.csv;
209;mlst_cmp.py;exp_GE_20_400;graph_GE_20_1_50_20_208;output_cmp.csv;
210;mlst_cmp.py;exp_GE_20_400;graph_GE_20_1_50_20_209;output_cmp.csv;
211;mlst_cmp.py;exp_GE_20_400;graph_GE_20_1_50_20_210;output_cmp.csv;
212;mlst_cmp.py;exp_GE_20_400;graph_GE_20_1_50_20_211;output_cmp.csv;
213;mlst_cmp.py;exp_GE_20_400;graph_GE_20_1_50_20_212;output_cmp.csv;
214;mlst_cmp.py;exp_GE_20_400;graph_GE_20_1_50_20_213;output_cmp.csv;
215;mlst_cmp.py;exp_GE_20_400;graph_GE_20_1_50_20_214;output_cmp.csv;
216;mlst_cmp.py;exp_GE_20_400;graph_GE_20_1_50_20_215;output_cmp.csv;
217;mlst_cmp.py;exp_GE_20_400;graph_GE_20_1_50_20_216;output_cmp.csv;
218;mlst_cmp.py;exp_GE_20_400;graph_GE_20_1_50_20_217;output_cmp.csv;
219;mlst_cmp.py;exp_GE_20_400;graph_GE_20_1_50_20_218;output_cmp.csv;
220;mlst_cmp.py;exp_GE_20_400;graph_GE_20_1_50_20_219;output_cmp.csv;
221;mlst_cmp.py;exp_GE_20_400;graph_GE_20_1_50_20_220;output_cmp.csv;
222;mlst_cmp.py;exp_GE_20_400;graph_GE_20_1_50_20_221;output_cmp.csv;
223;mlst_cmp.py;exp_GE_20_400;graph_GE_20_1_50_20_222;output_cmp.csv;
224;mlst_cmp.py;exp_GE_20_400;graph_GE_20_1_50_20_223;output_cmp.csv;
225;mlst_cmp.py;exp_GE_20_400;graph_GE_20_1_50_20_224;output_cmp.csv;
226;mlst_cmp.py;exp_GE_20_400;graph_GE_20_1_50_20_225;output_cmp.csv;
227;mlst_cmp.py;exp_GE_20_400;graph_GE_20_1_50_20_226;output_cmp.csv;
228;mlst_cmp.py;exp_GE_20_400;graph_GE_20_1_50_20_227;output_cmp.csv;
229;mlst_cmp.py;exp_GE_20_400;graph_GE_20_1_50_20_228;output_cmp.csv;
230;mlst_cmp.py;exp_GE_20_400;graph_GE_20_1_50_20_229;output_cmp.csv;
231;mlst_cmp.py;exp_GE_20_400;graph_GE_20_1_50_20_230;output_cmp.csv;
232;mlst_cmp.py;exp_GE_20_400;graph_GE_20_1_50_20_231;output_cmp.csv;
233;mlst_cmp.py;exp_GE_20_400;graph_GE_20_1_50_20_232;output_cmp.csv;
234;mlst_cmp.py;exp_GE_20_400;graph_GE_20_1_50_20_233;output_cmp.csv;
235;mlst_cmp.py;exp_GE_20_400;graph_GE_20_1_50_20_234;output_cmp.csv;
236;mlst_cmp.py;exp_GE_20_400;graph_GE_20_1_50_20_235;output_cmp.csv;
237;mlst_cmp.py;exp_GE_20_400;graph_GE_20_1_50_20_236;output_cmp.csv;
238;mlst_cmp.py;exp_GE_20_400;graph_GE_20_1_50_20_237;output_cmp.csv;
239;mlst_cmp.py;exp_GE_20_400;graph_GE_20_1_50_20_238;output_cmp.csv;
240;mlst_cmp.py;exp_GE_20_400;graph_GE_20_1_50_20_239;output_cmp.csv;
241;mlst_cmp.py;exp_GE_20_400;graph_GE_20_1_50_20_240;output_cmp.csv;
242;mlst_cmp.py;exp_GE_20_400;graph_GE_20_1_50_20_241;output_cmp.csv;
243;mlst_cmp.py;exp_GE_20_400;graph_GE_20_1_50_20_242;output_cmp.csv;
244;mlst_cmp.py;exp_GE_20_400;graph_GE_20_1_50_20_243;output_cmp.csv;
245;mlst_cmp.py;exp_GE_20_400;graph_GE_20_1_50_20_244;output_cmp.csv;
246;mlst_cmp.py;exp_GE_20_400;graph_GE_20_1_50_20_245;output_cmp.csv;
247;mlst_cmp.py;exp_GE_20_400;graph_GE_20_1_50_20_246;output_cmp.csv;
248;mlst_cmp.py;exp_GE_20_400;graph_GE_20_1_50_20_247;output_cmp.csv;
249;mlst_cmp.py;exp_GE_20_400;graph_GE_20_1_50_20_248;output_cmp.csv;
250;mlst_cmp.py;exp_GE_20_400;graph_GE_20_1_50_20_249;output_cmp.csv;
251;mlst_cmp.py;exp_GE_20_400;graph_GE_20_1_50_20_250;output_cmp.csv;
252;mlst_cmp.py;exp_GE_20_400;graph_GE_20_1_50_20_251;output_cmp.csv;
253;mlst_cmp.py;exp_GE_20_400;graph_GE_20_1_50_20_252;output_cmp.csv;
254;mlst_cmp.py;exp_GE_20_400;graph_GE_20_1_50_20_253;output_cmp.csv;
255;mlst_cmp.py;exp_GE_20_400;graph_GE_20_1_50_20_254;output_cmp.csv;
256;mlst_cmp.py;exp_GE_20_400;graph_GE_20_1_50_20_255;output_cmp.csv;
257;mlst_cmp.py;exp_GE_20_400;graph_GE_20_1_50_20_256;output_cmp.csv;
258;mlst_cmp.py;exp_GE_20_400;graph_GE_20_1_50_20_257;output_cmp.csv;
259;mlst_cmp.py;exp_GE_20_400;graph_GE_20_1_50_20_258;output_cmp.csv;
260;mlst_cmp.py;exp_GE_20_400;graph_GE_20_1_50_20_259;output_cmp.csv;
261;mlst_cmp.py;exp_GE_20_400;graph_GE_20_1_50_20_260;output_cmp.csv;
262;mlst_cmp.py;exp_GE_20_400;graph_GE_20_1_50_20_261;output_cmp.csv;
263;mlst_cmp.py;exp_GE_20_400;graph_GE_20_1_50_20_262;output_cmp.csv;
264;mlst_cmp.py;exp_GE_20_400;graph_GE_20_1_50_20_263;output_cmp.csv;
265;mlst_cmp.py;exp_GE_20_400;graph_GE_20_1_50_20_264;output_cmp.csv;
266;mlst_cmp.py;exp_GE_20_400;graph_GE_20_1_50_20_265;output_cmp.csv;
267;mlst_cmp.py;exp_GE_20_400;graph_GE_20_1_50_20_266;output_cmp.csv;
268;mlst_cmp.py;exp_GE_20_400;graph_GE_20_1_50_20_267;output_cmp.csv;
269;mlst_cmp.py;exp_GE_20_400;graph_GE_20_1_50_20_268;output_cmp.csv;
270;mlst_cmp.py;exp_GE_20_400;graph_GE_20_1_50_20_269;output_cmp.csv;
271;mlst_cmp.py;exp_GE_20_400;graph_GE_20_1_50_20_270;output_cmp.csv;
272;mlst_cmp.py;exp_GE_20_400;graph_GE_20_1_50_20_271;output_cmp.csv;
273;mlst_cmp.py;exp_GE_20_400;graph_GE_20_1_50_20_272;output_cmp.csv;
274;mlst_cmp.py;exp_GE_20_400;graph_GE_20_1_50_20_273;output_cmp.csv;
275;mlst_cmp.py;exp_GE_20_400;graph_GE_20_1_50_20_274;output_cmp.csv;
276;mlst_cmp.py;exp_GE_20_400;graph_GE_20_1_50_20_275;output_cmp.csv;
277;mlst_cmp.py;exp_GE_20_400;graph_GE_20_1_50_20_276;output_cmp.csv;
278;mlst_cmp.py;exp_GE_20_400;graph_GE_20_1_50_20_277;output_cmp.csv;
279;mlst_cmp.py;exp_GE_20_400;graph_GE_20_1_50_20_278;output_cmp.csv;
280;mlst_cmp.py;exp_GE_20_400;graph_GE_20_1_50_20_279;output_cmp.csv;
281;mlst_cmp.py;exp_GE_20_400;graph_GE_20_1_50_20_280;output_cmp.csv;
282;mlst_cmp.py;exp_GE_20_400;graph_GE_20_1_50_20_281;output_cmp.csv;
283;mlst_cmp.py;exp_GE_20_400;graph_GE_20_1_50_20_282;output_cmp.csv;
284;mlst_cmp.py;exp_GE_20_400;graph_GE_20_1_50_20_283;output_cmp.csv;
285;mlst_cmp.py;exp_GE_20_400;graph_GE_20_1_50_20_284;output_cmp.csv;
286;mlst_cmp.py;exp_GE_20_400;graph_GE_20_1_50_20_285;output_cmp.csv;
287;mlst_cmp.py;exp_GE_20_400;graph_GE_20_1_50_20_286;output_cmp.csv;
288;mlst_cmp.py;exp_GE_20_400;graph_GE_20_1_50_20_287;output_cmp.csv;
289;mlst_cmp.py;exp_GE_20_400;graph_GE_20_1_50_20_288;output_cmp.csv;
290;mlst_cmp.py;exp_GE_20_400;graph_GE_20_1_50_20_289;output_cmp.csv;
291;mlst_cmp.py;exp_GE_20_400;graph_GE_20_1_50_20_290;output_cmp.csv;
292;mlst_cmp.py;exp_GE_20_400;graph_GE_20_1_50_20_291;output_cmp.csv;
293;mlst_cmp.py;exp_GE_20_400;graph_GE_20_1_50_20_292;output_cmp.csv;
294;mlst_cmp.py;exp_GE_20_400;graph_GE_20_1_50_20_293;output_cmp.csv;
295;mlst_cmp.py;exp_GE_20_400;graph_GE_20_1_50_20_294;output_cmp.csv;
296;mlst_cmp.py;exp_GE_20_400;graph_GE_20_1_50_20_295;output_cmp.csv;
297;mlst_cmp.py;exp_GE_20_400;graph_GE_20_1_50_20_296;output_cmp.csv;
298;mlst_cmp.py;exp_GE_20_400;graph_GE_20_1_50_20_297;output_cmp.csv;
299;mlst_cmp.py;exp_GE_20_400;graph_GE_20_1_50_20_298;output_cmp.csv;
300;mlst_cmp.py;exp_GE_20_400;graph_GE_20_1_50_20_299;output_cmp.csv;
301;mlst_cmp.py;exp_GE_20_400;graph_GE_20_1_50_20_300;output_cmp.csv;
302;mlst_cmp.py;exp_GE_20_400;graph_GE_20_1_50_20_301;output_cmp.csv;
303;mlst_cmp.py;exp_GE_20_400;graph_GE_20_1_50_20_302;output_cmp.csv;
304;mlst_cmp.py;exp_GE_20_400;graph_GE_20_1_50_20_303;output_cmp.csv;
305;mlst_cmp.py;exp_GE_20_400;graph_GE_20_1_50_20_304;output_cmp.csv;
306;mlst_cmp.py;exp_GE_20_400;graph_GE_20_1_50_20_305;output_cmp.csv;
307;mlst_cmp.py;exp_GE_20_400;graph_GE_20_1_50_20_306;output_cmp.csv;
308;mlst_cmp.py;exp_GE_20_400;graph_GE_20_1_50_20_307;output_cmp.csv;
309;mlst_cmp.py;exp_GE_20_400;graph_GE_20_1_50_20_308;output_cmp.csv;
310;mlst_cmp.py;exp_GE_20_400;graph_GE_20_1_50_20_309;output_cmp.csv;
311;mlst_cmp.py;exp_GE_20_400;graph_GE_20_1_50_20_310;output_cmp.csv;
312;mlst_cmp.py;exp_GE_20_400;graph_GE_20_1_50_20_311;output_cmp.csv;
313;mlst_cmp.py;exp_GE_20_400;graph_GE_20_1_50_20_312;output_cmp.csv;
314;mlst_cmp.py;exp_GE_20_400;graph_GE_20_1_50_20_313;output_cmp.csv;
315;mlst_cmp.py;exp_GE_20_400;graph_GE_20_1_50_20_314;output_cmp.csv;
316;mlst_cmp.py;exp_GE_20_400;graph_GE_20_1_50_20_315;output_cmp.csv;
317;mlst_cmp.py;exp_GE_20_400;graph_GE_20_1_50_20_316;output_cmp.csv;
318;mlst_cmp.py;exp_GE_20_400;graph_GE_20_1_50_20_317;output_cmp.csv;
319;mlst_cmp.py;exp_GE_20_400;graph_GE_20_1_50_20_318;output_cmp.csv;
320;mlst_cmp.py;exp_GE_20_400;graph_GE_20_1_50_20_319;output_cmp.csv;
321;mlst_cmp.py;exp_GE_20_400;graph_GE_20_1_50_20_320;output_cmp.csv;
322;mlst_cmp.py;exp_GE_20_400;graph_GE_20_1_50_20_321;output_cmp.csv;
323;mlst_cmp.py;exp_GE_20_400;graph_GE_20_1_50_20_322;output_cmp.csv;
324;mlst_cmp.py;exp_GE_20_400;graph_GE_20_1_50_20_323;output_cmp.csv;
325;mlst_cmp.py;exp_GE_20_400;graph_GE_20_1_50_20_324;output_cmp.csv;
326;mlst_cmp.py;exp_GE_20_400;graph_GE_20_1_50_20_325;output_cmp.csv;
327;mlst_cmp.py;exp_GE_20_400;graph_GE_20_1_50_20_326;output_cmp.csv;
328;mlst_cmp.py;exp_GE_20_400;graph_GE_20_1_50_20_327;output_cmp.csv;
329;mlst_cmp.py;exp_GE_20_400;graph_GE_20_1_50_20_328;output_cmp.csv;
330;mlst_cmp.py;exp_GE_20_400;graph_GE_20_1_50_20_329;output_cmp.csv;
331;mlst_cmp.py;exp_GE_20_400;graph_GE_20_1_50_20_330;output_cmp.csv;
332;mlst_cmp.py;exp_GE_20_400;graph_GE_20_1_50_20_331;output_cmp.csv;
333;mlst_cmp.py;exp_GE_20_400;graph_GE_20_1_50_20_332;output_cmp.csv;
334;mlst_cmp.py;exp_GE_20_400;graph_GE_20_1_50_20_333;output_cmp.csv;
335;mlst_cmp.py;exp_GE_20_400;graph_GE_20_1_50_20_334;output_cmp.csv;
336;mlst_cmp.py;exp_GE_20_400;graph_GE_20_1_50_20_335;output_cmp.csv;
337;mlst_cmp.py;exp_GE_20_400;graph_GE_20_1_50_20_336;output_cmp.csv;
338;mlst_cmp.py;exp_GE_20_400;graph_GE_20_1_50_20_337;output_cmp.csv;
339;mlst_cmp.py;exp_GE_20_400;graph_GE_20_1_50_20_338;output_cmp.csv;
340;mlst_cmp.py;exp_GE_20_400;graph_GE_20_1_50_20_339;output_cmp.csv;
341;mlst_cmp.py;exp_GE_20_400;graph_GE_20_1_50_20_340;output_cmp.csv;
342;mlst_cmp.py;exp_GE_20_400;graph_GE_20_1_50_20_341;output_cmp.csv;
343;mlst_cmp.py;exp_GE_20_400;graph_GE_20_1_50_20_342;output_cmp.csv;
344;mlst_cmp.py;exp_GE_20_400;graph_GE_20_1_50_20_343;output_cmp.csv;
345;mlst_cmp.py;exp_GE_20_400;graph_GE_20_1_50_20_344;output_cmp.csv;
346;mlst_cmp.py;exp_GE_20_400;graph_GE_20_1_50_20_345;output_cmp.csv;
347;mlst_cmp.py;exp_GE_20_400;graph_GE_20_1_50_20_346;output_cmp.csv;
348;mlst_cmp.py;exp_GE_20_400;graph_GE_20_1_50_20_347;output_cmp.csv;
349;mlst_cmp.py;exp_GE_20_400;graph_GE_20_1_50_20_348;output_cmp.csv;
350;mlst_cmp.py;exp_GE_20_400;graph_GE_20_1_50_20_349;output_cmp.csv;
351;mlst_cmp.py;exp_GE_20_400;graph_GE_20_1_50_20_350;output_cmp.csv;
352;mlst_cmp.py;exp_GE_20_400;graph_GE_20_1_50_20_351;output_cmp.csv;
353;mlst_cmp.py;exp_GE_20_400;graph_GE_20_1_50_20_352;output_cmp.csv;
354;mlst_cmp.py;exp_GE_20_400;graph_GE_20_1_50_20_353;output_cmp.csv;
355;mlst_cmp.py;exp_GE_20_400;graph_GE_20_1_50_20_354;output_cmp.csv;
356;mlst_cmp.py;exp_GE_20_400;graph_GE_20_1_50_20_355;output_cmp.csv;
357;mlst_cmp.py;exp_GE_20_400;graph_GE_20_1_50_20_356;output_cmp.csv;
358;mlst_cmp.py;exp_GE_20_400;graph_GE_20_1_50_20_357;output_cmp.csv;
359;mlst_cmp.py;exp_GE_20_400;graph_GE_20_1_50_20_358;output_cmp.csv;
360;mlst_cmp.py;exp_GE_20_400;graph_GE_20_1_50_20_359;output_cmp.csv;
361;mlst_cmp.py;exp_GE_20_400;graph_GE_20_1_50_20_360;output_cmp.csv;
362;mlst_cmp.py;exp_GE_20_400;graph_GE_20_1_50_20_361;output_cmp.csv;
363;mlst_cmp.py;exp_GE_20_400;graph_GE_20_1_50_20_362;output_cmp.csv;
364;mlst_cmp.py;exp_GE_20_400;graph_GE_20_1_50_20_363;output_cmp.csv;
365;mlst_cmp.py;exp_GE_20_400;graph_GE_20_1_50_20_364;output_cmp.csv;
366;mlst_cmp.py;exp_GE_20_400;graph_GE_20_1_50_20_365;output_cmp.csv;
367;mlst_cmp.py;exp_GE_20_400;graph_GE_20_1_50_20_366;output_cmp.csv;
368;mlst_cmp.py;exp_GE_20_400;graph_GE_20_1_50_20_367;output_cmp.csv;
369;mlst_cmp.py;exp_GE_20_400;graph_GE_20_1_50_20_368;output_cmp.csv;
370;mlst_cmp.py;exp_GE_20_400;graph_GE_20_1_50_20_369;output_cmp.csv;
371;mlst_cmp.py;exp_GE_20_400;graph_GE_20_1_50_20_370;output_cmp.csv;
372;mlst_cmp.py;exp_GE_20_400;graph_GE_20_1_50_20_371;output_cmp.csv;
373;mlst_cmp.py;exp_GE_20_400;graph_GE_20_1_50_20_372;output_cmp.csv;
374;mlst_cmp.py;exp_GE_20_400;graph_GE_20_1_50_20_373;output_cmp.csv;
375;mlst_cmp.py;exp_GE_20_400;graph_GE_20_1_50_20_374;output_cmp.csv;
376;mlst_cmp.py;exp_GE_20_400;graph_GE_20_1_50_20_375;output_cmp.csv;
377;mlst_cmp.py;exp_GE_20_400;graph_GE_20_1_50_20_376;output_cmp.csv;
378;mlst_cmp.py;exp_GE_20_400;graph_GE_20_1_50_20_377;output_cmp.csv;
379;mlst_cmp.py;exp_GE_20_400;graph_GE_20_1_50_20_378;output_cmp.csv;
380;mlst_cmp.py;exp_GE_20_400;graph_GE_20_1_50_20_379;output_cmp.csv;
381;mlst_cmp.py;exp_GE_20_400;graph_GE_20_1_50_20_380;output_cmp.csv;
382;mlst_cmp.py;exp_GE_20_400;graph_GE_20_1_50_20_381;output_cmp.csv;
383;mlst_cmp.py;exp_GE_20_400;graph_GE_20_1_50_20_382;output_cmp.csv;
384;mlst_cmp.py;exp_GE_20_400;graph_GE_20_1_50_20_383;output_cmp.csv;
385;mlst_cmp.py;exp_GE_20_400;graph_GE_20_1_50_20_384;output_cmp.csv;
386;mlst_cmp.py;exp_GE_20_400;graph_GE_20_1_50_20_385;output_cmp.csv;
387;mlst_cmp.py;exp_GE_20_400;graph_GE_20_1_50_20_386;output_cmp.csv;
388;mlst_cmp.py;exp_GE_20_400;graph_GE_20_1_50_20_387;output_cmp.csv;
389;mlst_cmp.py;exp_GE_20_400;graph_GE_20_1_50_20_388;output_cmp.csv;
390;mlst_cmp.py;exp_GE_20_400;graph_GE_20_1_50_20_389;output_cmp.csv;
391;mlst_cmp.py;exp_GE_20_400;graph_GE_20_1_50_20_390;output_cmp.csv;
392;mlst_cmp.py;exp_GE_20_400;graph_GE_20_1_50_20_391;output_cmp.csv;
393;mlst_cmp.py;exp_GE_20_400;graph_GE_20_1_50_20_392;output_cmp.csv;
394;mlst_cmp.py;exp_GE_20_400;graph_GE_20_1_50_20_393;output_cmp.csv;
395;mlst_cmp.py;exp_GE_20_400;graph_GE_20_1_50_20_394;output_cmp.csv;
396;mlst_cmp.py;exp_GE_20_400;graph_GE_20_1_50_20_395;output_cmp.csv;
397;mlst_cmp.py;exp_GE_20_400;graph_GE_20_1_50_20_396;output_cmp.csv;
398;mlst_cmp.py;exp_GE_20_400;graph_GE_20_1_50_20_397;output_cmp.csv;
399;mlst_cmp.py;exp_GE_20_400;graph_GE_20_1_50_20_398;output_cmp.csv;
400;mlst_cmp.py;exp_GE_20_400;graph_GE_20_1_50_20_399;output_cmp.csv;
