1;mlst_cmp.py;exp_GE_100;graph_GE_100_1_50_100_0;output_cmp.csv;
2;mlst_cmp.py;exp_GE_100;graph_GE_100_1_50_100_1;output_cmp.csv;
3;mlst_cmp.py;exp_GE_100;graph_GE_100_1_50_100_2;output_cmp.csv;
4;mlst_cmp.py;exp_GE_100;graph_GE_100_1_50_100_3;output_cmp.csv;
5;mlst_cmp.py;exp_GE_100;graph_GE_100_1_50_100_4;output_cmp.csv;
6;mlst_cmp.py;exp_GE_100;graph_GE_100_1_50_100_5;output_cmp.csv;
7;mlst_cmp.py;exp_GE_100;graph_GE_100_1_50_100_6;output_cmp.csv;
8;mlst_cmp.py;exp_GE_100;graph_GE_100_1_50_100_7;output_cmp.csv;
9;mlst_cmp.py;exp_GE_100;graph_GE_100_1_50_100_8;output_cmp.csv;
10;mlst_cmp.py;exp_GE_100;graph_GE_100_1_50_100_9;output_cmp.csv;
11;mlst_cmp.py;exp_GE_100;graph_GE_100_1_50_100_10;output_cmp.csv;
12;mlst_cmp.py;exp_GE_100;graph_GE_100_1_50_100_11;output_cmp.csv;
13;mlst_cmp.py;exp_GE_100;graph_GE_100_1_50_100_12;output_cmp.csv;
14;mlst_cmp.py;exp_GE_100;graph_GE_100_1_50_100_13;output_cmp.csv;
15;mlst_cmp.py;exp_GE_100;graph_GE_100_1_50_100_14;output_cmp.csv;
16;mlst_cmp.py;exp_GE_100;graph_GE_100_1_50_100_15;output_cmp.csv;
17;mlst_cmp.py;exp_GE_100;graph_GE_100_1_50_100_16;output_cmp.csv;
18;mlst_cmp.py;exp_GE_100;graph_GE_100_1_50_100_17;output_cmp.csv;
19;mlst_cmp.py;exp_GE_100;graph_GE_100_1_50_100_18;output_cmp.csv;
20;mlst_cmp.py;exp_GE_100;graph_GE_100_1_50_100_19;output_cmp.csv;
21;mlst_cmp.py;exp_GE_100;graph_GE_100_1_50_100_20;output_cmp.csv;
22;mlst_cmp.py;exp_GE_100;graph_GE_100_1_50_100_21;output_cmp.csv;
23;mlst_cmp.py;exp_GE_100;graph_GE_100_1_50_100_22;output_cmp.csv;
24;mlst_cmp.py;exp_GE_100;graph_GE_100_1_50_100_23;output_cmp.csv;
25;mlst_cmp.py;exp_GE_100;graph_GE_100_1_50_100_24;output_cmp.csv;
26;mlst_cmp.py;exp_GE_100;graph_GE_100_1_50_100_25;output_cmp.csv;
27;mlst_cmp.py;exp_GE_100;graph_GE_100_1_50_100_26;output_cmp.csv;
28;mlst_cmp.py;exp_GE_100;graph_GE_100_1_50_100_27;output_cmp.csv;
29;mlst_cmp.py;exp_GE_100;graph_GE_100_1_50_100_28;output_cmp.csv;
30;mlst_cmp.py;exp_GE_100;graph_GE_100_1_50_100_29;output_cmp.csv;
31;mlst_cmp.py;exp_GE_100;graph_GE_100_1_50_100_30;output_cmp.csv;
32;mlst_cmp.py;exp_GE_100;graph_GE_100_1_50_100_31;output_cmp.csv;
33;mlst_cmp.py;exp_GE_100;graph_GE_100_1_50_100_32;output_cmp.csv;
34;mlst_cmp.py;exp_GE_100;graph_GE_100_1_50_100_33;output_cmp.csv;
35;mlst_cmp.py;exp_GE_100;graph_GE_100_1_50_100_34;output_cmp.csv;
36;mlst_cmp.py;exp_GE_100;graph_GE_100_1_50_100_35;output_cmp.csv;
37;mlst_cmp.py;exp_GE_100;graph_GE_100_1_50_100_36;output_cmp.csv;
38;mlst_cmp.py;exp_GE_100;graph_GE_100_1_50_100_37;output_cmp.csv;
39;mlst_cmp.py;exp_GE_100;graph_GE_100_1_50_100_38;output_cmp.csv;
40;mlst_cmp.py;exp_GE_100;graph_GE_100_1_50_100_39;output_cmp.csv;
41;mlst_cmp.py;exp_GE_100;graph_GE_100_1_50_100_40;output_cmp.csv;
42;mlst_cmp.py;exp_GE_100;graph_GE_100_1_50_100_41;output_cmp.csv;
43;mlst_cmp.py;exp_GE_100;graph_GE_100_1_50_100_42;output_cmp.csv;
44;mlst_cmp.py;exp_GE_100;graph_GE_100_1_50_100_43;output_cmp.csv;
45;mlst_cmp.py;exp_GE_100;graph_GE_100_1_50_100_44;output_cmp.csv;
46;mlst_cmp.py;exp_GE_100;graph_GE_100_1_50_100_45;output_cmp.csv;
47;mlst_cmp.py;exp_GE_100;graph_GE_100_1_50_100_46;output_cmp.csv;
48;mlst_cmp.py;exp_GE_100;graph_GE_100_1_50_100_47;output_cmp.csv;
49;mlst_cmp.py;exp_GE_100;graph_GE_100_1_50_100_48;output_cmp.csv;
50;mlst_cmp.py;exp_GE_100;graph_GE_100_1_50_100_49;output_cmp.csv;
51;mlst_cmp.py;exp_GE_100;graph_GE_100_1_50_100_50;output_cmp.csv;
52;mlst_cmp.py;exp_GE_100;graph_GE_100_1_50_100_51;output_cmp.csv;
53;mlst_cmp.py;exp_GE_100;graph_GE_100_1_50_100_52;output_cmp.csv;
54;mlst_cmp.py;exp_GE_100;graph_GE_100_1_50_100_53;output_cmp.csv;
55;mlst_cmp.py;exp_GE_100;graph_GE_100_1_50_100_54;output_cmp.csv;
56;mlst_cmp.py;exp_GE_100;graph_GE_100_1_50_100_55;output_cmp.csv;
57;mlst_cmp.py;exp_GE_100;graph_GE_100_1_50_100_56;output_cmp.csv;
58;mlst_cmp.py;exp_GE_100;graph_GE_100_1_50_100_57;output_cmp.csv;
59;mlst_cmp.py;exp_GE_100;graph_GE_100_1_50_100_58;output_cmp.csv;
60;mlst_cmp.py;exp_GE_100;graph_GE_100_1_50_100_59;output_cmp.csv;
61;mlst_cmp.py;exp_GE_100;graph_GE_100_1_50_100_60;output_cmp.csv;
62;mlst_cmp.py;exp_GE_100;graph_GE_100_1_50_100_61;output_cmp.csv;
63;mlst_cmp.py;exp_GE_100;graph_GE_100_1_50_100_62;output_cmp.csv;
64;mlst_cmp.py;exp_GE_100;graph_GE_100_1_50_100_63;output_cmp.csv;
65;mlst_cmp.py;exp_GE_100;graph_GE_100_1_50_100_64;output_cmp.csv;
66;mlst_cmp.py;exp_GE_100;graph_GE_100_1_50_100_65;output_cmp.csv;
67;mlst_cmp.py;exp_GE_100;graph_GE_100_1_50_100_66;output_cmp.csv;
68;mlst_cmp.py;exp_GE_100;graph_GE_100_1_50_100_67;output_cmp.csv;
69;mlst_cmp.py;exp_GE_100;graph_GE_100_1_50_100_68;output_cmp.csv;
70;mlst_cmp.py;exp_GE_100;graph_GE_100_1_50_100_69;output_cmp.csv;
71;mlst_cmp.py;exp_GE_100;graph_GE_100_1_50_100_70;output_cmp.csv;
72;mlst_cmp.py;exp_GE_100;graph_GE_100_1_50_100_71;output_cmp.csv;
73;mlst_cmp.py;exp_GE_100;graph_GE_100_1_50_100_72;output_cmp.csv;
74;mlst_cmp.py;exp_GE_100;graph_GE_100_1_50_100_73;output_cmp.csv;
75;mlst_cmp.py;exp_GE_100;graph_GE_100_1_50_100_74;output_cmp.csv;
76;mlst_cmp.py;exp_GE_100;graph_GE_100_1_50_100_75;output_cmp.csv;
77;mlst_cmp.py;exp_GE_100;graph_GE_100_1_50_100_76;output_cmp.csv;
78;mlst_cmp.py;exp_GE_100;graph_GE_100_1_50_100_77;output_cmp.csv;
79;mlst_cmp.py;exp_GE_100;graph_GE_100_1_50_100_78;output_cmp.csv;
80;mlst_cmp.py;exp_GE_100;graph_GE_100_1_50_100_79;output_cmp.csv;
81;mlst_cmp.py;exp_GE_100;graph_GE_100_1_50_100_80;output_cmp.csv;
82;mlst_cmp.py;exp_GE_100;graph_GE_100_1_50_100_81;output_cmp.csv;
83;mlst_cmp.py;exp_GE_100;graph_GE_100_1_50_100_82;output_cmp.csv;
84;mlst_cmp.py;exp_GE_100;graph_GE_100_1_50_100_83;output_cmp.csv;
85;mlst_cmp.py;exp_GE_100;graph_GE_100_1_50_100_84;output_cmp.csv;
86;mlst_cmp.py;exp_GE_100;graph_GE_100_1_50_100_85;output_cmp.csv;
87;mlst_cmp.py;exp_GE_100;graph_GE_100_1_50_100_86;output_cmp.csv;
88;mlst_cmp.py;exp_GE_100;graph_GE_100_1_50_100_87;output_cmp.csv;
89;mlst_cmp.py;exp_GE_100;graph_GE_100_1_50_100_88;output_cmp.csv;
90;mlst_cmp.py;exp_GE_100;graph_GE_100_1_50_100_89;output_cmp.csv;
91;mlst_cmp.py;exp_GE_100;graph_GE_100_1_50_100_90;output_cmp.csv;
92;mlst_cmp.py;exp_GE_100;graph_GE_100_1_50_100_91;output_cmp.csv;
93;mlst_cmp.py;exp_GE_100;graph_GE_100_1_50_100_92;output_cmp.csv;
94;mlst_cmp.py;exp_GE_100;graph_GE_100_1_50_100_93;output_cmp.csv;
95;mlst_cmp.py;exp_GE_100;graph_GE_100_1_50_100_94;output_cmp.csv;
96;mlst_cmp.py;exp_GE_100;graph_GE_100_1_50_100_95;output_cmp.csv;
97;mlst_cmp.py;exp_GE_100;graph_GE_100_1_50_100_96;output_cmp.csv;
98;mlst_cmp.py;exp_GE_100;graph_GE_100_1_50_100_97;output_cmp.csv;
99;mlst_cmp.py;exp_GE_100;graph_GE_100_1_50_100_98;output_cmp.csv;
100;mlst_cmp.py;exp_GE_100;graph_GE_100_1_50_100_99;output_cmp.csv;
101;mlst_cmp.py;exp_GE_100;graph_GE_100_1_50_100_100;output_cmp.csv;
102;mlst_cmp.py;exp_GE_100;graph_GE_100_1_50_100_101;output_cmp.csv;
103;mlst_cmp.py;exp_GE_100;graph_GE_100_1_50_100_102;output_cmp.csv;
104;mlst_cmp.py;exp_GE_100;graph_GE_100_1_50_100_103;output_cmp.csv;
105;mlst_cmp.py;exp_GE_100;graph_GE_100_1_50_100_104;output_cmp.csv;
106;mlst_cmp.py;exp_GE_100;graph_GE_100_1_50_100_105;output_cmp.csv;
107;mlst_cmp.py;exp_GE_100;graph_GE_100_1_50_100_106;output_cmp.csv;
108;mlst_cmp.py;exp_GE_100;graph_GE_100_1_50_100_107;output_cmp.csv;
109;mlst_cmp.py;exp_GE_100;graph_GE_100_1_50_100_108;output_cmp.csv;
110;mlst_cmp.py;exp_GE_100;graph_GE_100_1_50_100_109;output_cmp.csv;
111;mlst_cmp.py;exp_GE_100;graph_GE_100_1_50_100_110;output_cmp.csv;
112;mlst_cmp.py;exp_GE_100;graph_GE_100_1_50_100_111;output_cmp.csv;
113;mlst_cmp.py;exp_GE_100;graph_GE_100_1_50_100_112;output_cmp.csv;
114;mlst_cmp.py;exp_GE_100;graph_GE_100_1_50_100_113;output_cmp.csv;
115;mlst_cmp.py;exp_GE_100;graph_GE_100_1_50_100_114;output_cmp.csv;
116;mlst_cmp.py;exp_GE_100;graph_GE_100_1_50_100_115;output_cmp.csv;
117;mlst_cmp.py;exp_GE_100;graph_GE_100_1_50_100_116;output_cmp.csv;
118;mlst_cmp.py;exp_GE_100;graph_GE_100_1_50_100_117;output_cmp.csv;
119;mlst_cmp.py;exp_GE_100;graph_GE_100_1_50_100_118;output_cmp.csv;
120;mlst_cmp.py;exp_GE_100;graph_GE_100_1_50_100_119;output_cmp.csv;
121;mlst_cmp.py;exp_GE_100;graph_GE_100_1_50_100_120;output_cmp.csv;
122;mlst_cmp.py;exp_GE_100;graph_GE_100_1_50_100_121;output_cmp.csv;
123;mlst_cmp.py;exp_GE_100;graph_GE_100_1_50_100_122;output_cmp.csv;
124;mlst_cmp.py;exp_GE_100;graph_GE_100_1_50_100_123;output_cmp.csv;
125;mlst_cmp.py;exp_GE_100;graph_GE_100_1_50_100_124;output_cmp.csv;
126;mlst_cmp.py;exp_GE_100;graph_GE_100_1_50_100_125;output_cmp.csv;
127;mlst_cmp.py;exp_GE_100;graph_GE_100_1_50_100_126;output_cmp.csv;
128;mlst_cmp.py;exp_GE_100;graph_GE_100_1_50_100_127;output_cmp.csv;
129;mlst_cmp.py;exp_GE_100;graph_GE_100_1_50_100_128;output_cmp.csv;
130;mlst_cmp.py;exp_GE_100;graph_GE_100_1_50_100_129;output_cmp.csv;
131;mlst_cmp.py;exp_GE_100;graph_GE_100_1_50_100_130;output_cmp.csv;
132;mlst_cmp.py;exp_GE_100;graph_GE_100_1_50_100_131;output_cmp.csv;
133;mlst_cmp.py;exp_GE_100;graph_GE_100_1_50_100_132;output_cmp.csv;
134;mlst_cmp.py;exp_GE_100;graph_GE_100_1_50_100_133;output_cmp.csv;
135;mlst_cmp.py;exp_GE_100;graph_GE_100_1_50_100_134;output_cmp.csv;
136;mlst_cmp.py;exp_GE_100;graph_GE_100_1_50_100_135;output_cmp.csv;
137;mlst_cmp.py;exp_GE_100;graph_GE_100_1_50_100_136;output_cmp.csv;
138;mlst_cmp.py;exp_GE_100;graph_GE_100_1_50_100_137;output_cmp.csv;
139;mlst_cmp.py;exp_GE_100;graph_GE_100_1_50_100_138;output_cmp.csv;
140;mlst_cmp.py;exp_GE_100;graph_GE_100_1_50_100_139;output_cmp.csv;
141;mlst_cmp.py;exp_GE_100;graph_GE_100_1_50_100_140;output_cmp.csv;
142;mlst_cmp.py;exp_GE_100;graph_GE_100_1_50_100_141;output_cmp.csv;
143;mlst_cmp.py;exp_GE_100;graph_GE_100_1_50_100_142;output_cmp.csv;
144;mlst_cmp.py;exp_GE_100;graph_GE_100_1_50_100_143;output_cmp.csv;
145;mlst_cmp.py;exp_GE_100;graph_GE_100_1_50_100_144;output_cmp.csv;
146;mlst_cmp.py;exp_GE_100;graph_GE_100_1_50_100_145;output_cmp.csv;
147;mlst_cmp.py;exp_GE_100;graph_GE_100_1_50_100_146;output_cmp.csv;
148;mlst_cmp.py;exp_GE_100;graph_GE_100_1_50_100_147;output_cmp.csv;
149;mlst_cmp.py;exp_GE_100;graph_GE_100_1_50_100_148;output_cmp.csv;
150;mlst_cmp.py;exp_GE_100;graph_GE_100_1_50_100_149;output_cmp.csv;
151;mlst_cmp.py;exp_GE_100;graph_GE_100_1_50_100_150;output_cmp.csv;
152;mlst_cmp.py;exp_GE_100;graph_GE_100_1_50_100_151;output_cmp.csv;
153;mlst_cmp.py;exp_GE_100;graph_GE_100_1_50_100_152;output_cmp.csv;
154;mlst_cmp.py;exp_GE_100;graph_GE_100_1_50_100_153;output_cmp.csv;
155;mlst_cmp.py;exp_GE_100;graph_GE_100_1_50_100_154;output_cmp.csv;
156;mlst_cmp.py;exp_GE_100;graph_GE_100_1_50_100_155;output_cmp.csv;
157;mlst_cmp.py;exp_GE_100;graph_GE_100_1_50_100_156;output_cmp.csv;
158;mlst_cmp.py;exp_GE_100;graph_GE_100_1_50_100_157;output_cmp.csv;
159;mlst_cmp.py;exp_GE_100;graph_GE_100_1_50_100_158;output_cmp.csv;
160;mlst_cmp.py;exp_GE_100;graph_GE_100_1_50_100_159;output_cmp.csv;
161;mlst_cmp.py;exp_GE_100;graph_GE_100_1_50_100_160;output_cmp.csv;
162;mlst_cmp.py;exp_GE_100;graph_GE_100_1_50_100_161;output_cmp.csv;
163;mlst_cmp.py;exp_GE_100;graph_GE_100_1_50_100_162;output_cmp.csv;
164;mlst_cmp.py;exp_GE_100;graph_GE_100_1_50_100_163;output_cmp.csv;
165;mlst_cmp.py;exp_GE_100;graph_GE_100_1_50_100_164;output_cmp.csv;
166;mlst_cmp.py;exp_GE_100;graph_GE_100_1_50_100_165;output_cmp.csv;
167;mlst_cmp.py;exp_GE_100;graph_GE_100_1_50_100_166;output_cmp.csv;
168;mlst_cmp.py;exp_GE_100;graph_GE_100_1_50_100_167;output_cmp.csv;
169;mlst_cmp.py;exp_GE_100;graph_GE_100_1_50_100_168;output_cmp.csv;
170;mlst_cmp.py;exp_GE_100;graph_GE_100_1_50_100_169;output_cmp.csv;
171;mlst_cmp.py;exp_GE_100;graph_GE_100_1_50_100_170;output_cmp.csv;
172;mlst_cmp.py;exp_GE_100;graph_GE_100_1_50_100_171;output_cmp.csv;
173;mlst_cmp.py;exp_GE_100;graph_GE_100_1_50_100_172;output_cmp.csv;
174;mlst_cmp.py;exp_GE_100;graph_GE_100_1_50_100_173;output_cmp.csv;
175;mlst_cmp.py;exp_GE_100;graph_GE_100_1_50_100_174;output_cmp.csv;
176;mlst_cmp.py;exp_GE_100;graph_GE_100_1_50_100_175;output_cmp.csv;
177;mlst_cmp.py;exp_GE_100;graph_GE_100_1_50_100_176;output_cmp.csv;
178;mlst_cmp.py;exp_GE_100;graph_GE_100_1_50_100_177;output_cmp.csv;
179;mlst_cmp.py;exp_GE_100;graph_GE_100_1_50_100_178;output_cmp.csv;
180;mlst_cmp.py;exp_GE_100;graph_GE_100_1_50_100_179;output_cmp.csv;
181;mlst_cmp.py;exp_GE_100;graph_GE_100_1_50_100_180;output_cmp.csv;
182;mlst_cmp.py;exp_GE_100;graph_GE_100_1_50_100_181;output_cmp.csv;
183;mlst_cmp.py;exp_GE_100;graph_GE_100_1_50_100_182;output_cmp.csv;
184;mlst_cmp.py;exp_GE_100;graph_GE_100_1_50_100_183;output_cmp.csv;
185;mlst_cmp.py;exp_GE_100;graph_GE_100_1_50_100_184;output_cmp.csv;
186;mlst_cmp.py;exp_GE_100;graph_GE_100_1_50_100_185;output_cmp.csv;
187;mlst_cmp.py;exp_GE_100;graph_GE_100_1_50_100_186;output_cmp.csv;
188;mlst_cmp.py;exp_GE_100;graph_GE_100_1_50_100_187;output_cmp.csv;
189;mlst_cmp.py;exp_GE_100;graph_GE_100_1_50_100_188;output_cmp.csv;
190;mlst_cmp.py;exp_GE_100;graph_GE_100_1_50_100_189;output_cmp.csv;
191;mlst_cmp.py;exp_GE_100;graph_GE_100_1_50_100_190;output_cmp.csv;
192;mlst_cmp.py;exp_GE_100;graph_GE_100_1_50_100_191;output_cmp.csv;
193;mlst_cmp.py;exp_GE_100;graph_GE_100_1_50_100_192;output_cmp.csv;
194;mlst_cmp.py;exp_GE_100;graph_GE_100_1_50_100_193;output_cmp.csv;
195;mlst_cmp.py;exp_GE_100;graph_GE_100_1_50_100_194;output_cmp.csv;
196;mlst_cmp.py;exp_GE_100;graph_GE_100_1_50_100_195;output_cmp.csv;
197;mlst_cmp.py;exp_GE_100;graph_GE_100_1_50_100_196;output_cmp.csv;
198;mlst_cmp.py;exp_GE_100;graph_GE_100_1_50_100_197;output_cmp.csv;
199;mlst_cmp.py;exp_GE_100;graph_GE_100_1_50_100_198;output_cmp.csv;
200;mlst_cmp.py;exp_GE_100;graph_GE_100_1_50_100_199;output_cmp.csv;
201;mlst_cmp.py;exp_GE_100;graph_GE_100_1_50_100_200;output_cmp.csv;
202;mlst_cmp.py;exp_GE_100;graph_GE_100_1_50_100_201;output_cmp.csv;
203;mlst_cmp.py;exp_GE_100;graph_GE_100_1_50_100_202;output_cmp.csv;
204;mlst_cmp.py;exp_GE_100;graph_GE_100_1_50_100_203;output_cmp.csv;
205;mlst_cmp.py;exp_GE_100;graph_GE_100_1_50_100_204;output_cmp.csv;
206;mlst_cmp.py;exp_GE_100;graph_GE_100_1_50_100_205;output_cmp.csv;
207;mlst_cmp.py;exp_GE_100;graph_GE_100_1_50_100_206;output_cmp.csv;
208;mlst_cmp.py;exp_GE_100;graph_GE_100_1_50_100_207;output_cmp.csv;
209;mlst_cmp.py;exp_GE_100;graph_GE_100_1_50_100_208;output_cmp.csv;
210;mlst_cmp.py;exp_GE_100;graph_GE_100_1_50_100_209;output_cmp.csv;
211;mlst_cmp.py;exp_GE_100;graph_GE_100_1_50_100_210;output_cmp.csv;
212;mlst_cmp.py;exp_GE_100;graph_GE_100_1_50_100_211;output_cmp.csv;
213;mlst_cmp.py;exp_GE_100;graph_GE_100_1_50_100_212;output_cmp.csv;
214;mlst_cmp.py;exp_GE_100;graph_GE_100_1_50_100_213;output_cmp.csv;
215;mlst_cmp.py;exp_GE_100;graph_GE_100_1_50_100_214;output_cmp.csv;
216;mlst_cmp.py;exp_GE_100;graph_GE_100_1_50_100_215;output_cmp.csv;
217;mlst_cmp.py;exp_GE_100;graph_GE_100_1_50_100_216;output_cmp.csv;
218;mlst_cmp.py;exp_GE_100;graph_GE_100_1_50_100_217;output_cmp.csv;
219;mlst_cmp.py;exp_GE_100;graph_GE_100_1_50_100_218;output_cmp.csv;
220;mlst_cmp.py;exp_GE_100;graph_GE_100_1_50_100_219;output_cmp.csv;
221;mlst_cmp.py;exp_GE_100;graph_GE_100_1_50_100_220;output_cmp.csv;
222;mlst_cmp.py;exp_GE_100;graph_GE_100_1_50_100_221;output_cmp.csv;
223;mlst_cmp.py;exp_GE_100;graph_GE_100_1_50_100_222;output_cmp.csv;
224;mlst_cmp.py;exp_GE_100;graph_GE_100_1_50_100_223;output_cmp.csv;
225;mlst_cmp.py;exp_GE_100;graph_GE_100_1_50_100_224;output_cmp.csv;
226;mlst_cmp.py;exp_GE_100;graph_GE_100_1_50_100_225;output_cmp.csv;
227;mlst_cmp.py;exp_GE_100;graph_GE_100_1_50_100_226;output_cmp.csv;
228;mlst_cmp.py;exp_GE_100;graph_GE_100_1_50_100_227;output_cmp.csv;
229;mlst_cmp.py;exp_GE_100;graph_GE_100_1_50_100_228;output_cmp.csv;
230;mlst_cmp.py;exp_GE_100;graph_GE_100_1_50_100_229;output_cmp.csv;
231;mlst_cmp.py;exp_GE_100;graph_GE_100_1_50_100_230;output_cmp.csv;
232;mlst_cmp.py;exp_GE_100;graph_GE_100_1_50_100_231;output_cmp.csv;
233;mlst_cmp.py;exp_GE_100;graph_GE_100_1_50_100_232;output_cmp.csv;
234;mlst_cmp.py;exp_GE_100;graph_GE_100_1_50_100_233;output_cmp.csv;
235;mlst_cmp.py;exp_GE_100;graph_GE_100_1_50_100_234;output_cmp.csv;
236;mlst_cmp.py;exp_GE_100;graph_GE_100_1_50_100_235;output_cmp.csv;
237;mlst_cmp.py;exp_GE_100;graph_GE_100_1_50_100_236;output_cmp.csv;
238;mlst_cmp.py;exp_GE_100;graph_GE_100_1_50_100_237;output_cmp.csv;
239;mlst_cmp.py;exp_GE_100;graph_GE_100_1_50_100_238;output_cmp.csv;
240;mlst_cmp.py;exp_GE_100;graph_GE_100_1_50_100_239;output_cmp.csv;
241;mlst_cmp.py;exp_GE_100;graph_GE_100_1_50_100_240;output_cmp.csv;
242;mlst_cmp.py;exp_GE_100;graph_GE_100_1_50_100_241;output_cmp.csv;
243;mlst_cmp.py;exp_GE_100;graph_GE_100_1_50_100_242;output_cmp.csv;
244;mlst_cmp.py;exp_GE_100;graph_GE_100_1_50_100_243;output_cmp.csv;
245;mlst_cmp.py;exp_GE_100;graph_GE_100_1_50_100_244;output_cmp.csv;
246;mlst_cmp.py;exp_GE_100;graph_GE_100_1_50_100_245;output_cmp.csv;
247;mlst_cmp.py;exp_GE_100;graph_GE_100_1_50_100_246;output_cmp.csv;
248;mlst_cmp.py;exp_GE_100;graph_GE_100_1_50_100_247;output_cmp.csv;
249;mlst_cmp.py;exp_GE_100;graph_GE_100_1_50_100_248;output_cmp.csv;
250;mlst_cmp.py;exp_GE_100;graph_GE_100_1_50_100_249;output_cmp.csv;
251;mlst_cmp.py;exp_GE_100;graph_GE_100_1_50_100_250;output_cmp.csv;
252;mlst_cmp.py;exp_GE_100;graph_GE_100_1_50_100_251;output_cmp.csv;
253;mlst_cmp.py;exp_GE_100;graph_GE_100_1_50_100_252;output_cmp.csv;
254;mlst_cmp.py;exp_GE_100;graph_GE_100_1_50_100_253;output_cmp.csv;
255;mlst_cmp.py;exp_GE_100;graph_GE_100_1_50_100_254;output_cmp.csv;
256;mlst_cmp.py;exp_GE_100;graph_GE_100_1_50_100_255;output_cmp.csv;
257;mlst_cmp.py;exp_GE_100;graph_GE_100_1_50_100_256;output_cmp.csv;
258;mlst_cmp.py;exp_GE_100;graph_GE_100_1_50_100_257;output_cmp.csv;
259;mlst_cmp.py;exp_GE_100;graph_GE_100_1_50_100_258;output_cmp.csv;
260;mlst_cmp.py;exp_GE_100;graph_GE_100_1_50_100_259;output_cmp.csv;
261;mlst_cmp.py;exp_GE_100;graph_GE_100_1_50_100_260;output_cmp.csv;
262;mlst_cmp.py;exp_GE_100;graph_GE_100_1_50_100_261;output_cmp.csv;
263;mlst_cmp.py;exp_GE_100;graph_GE_100_1_50_100_262;output_cmp.csv;
264;mlst_cmp.py;exp_GE_100;graph_GE_100_1_50_100_263;output_cmp.csv;
265;mlst_cmp.py;exp_GE_100;graph_GE_100_1_50_100_264;output_cmp.csv;
266;mlst_cmp.py;exp_GE_100;graph_GE_100_1_50_100_265;output_cmp.csv;
267;mlst_cmp.py;exp_GE_100;graph_GE_100_1_50_100_266;output_cmp.csv;
268;mlst_cmp.py;exp_GE_100;graph_GE_100_1_50_100_267;output_cmp.csv;
269;mlst_cmp.py;exp_GE_100;graph_GE_100_1_50_100_268;output_cmp.csv;
270;mlst_cmp.py;exp_GE_100;graph_GE_100_1_50_100_269;output_cmp.csv;
271;mlst_cmp.py;exp_GE_100;graph_GE_100_1_50_100_270;output_cmp.csv;
272;mlst_cmp.py;exp_GE_100;graph_GE_100_1_50_100_271;output_cmp.csv;
273;mlst_cmp.py;exp_GE_100;graph_GE_100_1_50_100_272;output_cmp.csv;
274;mlst_cmp.py;exp_GE_100;graph_GE_100_1_50_100_273;output_cmp.csv;
275;mlst_cmp.py;exp_GE_100;graph_GE_100_1_50_100_274;output_cmp.csv;
276;mlst_cmp.py;exp_GE_100;graph_GE_100_1_50_100_275;output_cmp.csv;
277;mlst_cmp.py;exp_GE_100;graph_GE_100_1_50_100_276;output_cmp.csv;
278;mlst_cmp.py;exp_GE_100;graph_GE_100_1_50_100_277;output_cmp.csv;
279;mlst_cmp.py;exp_GE_100;graph_GE_100_1_50_100_278;output_cmp.csv;
280;mlst_cmp.py;exp_GE_100;graph_GE_100_1_50_100_279;output_cmp.csv;
281;mlst_cmp.py;exp_GE_100;graph_GE_100_1_50_100_280;output_cmp.csv;
282;mlst_cmp.py;exp_GE_100;graph_GE_100_1_50_100_281;output_cmp.csv;
283;mlst_cmp.py;exp_GE_100;graph_GE_100_1_50_100_282;output_cmp.csv;
284;mlst_cmp.py;exp_GE_100;graph_GE_100_1_50_100_283;output_cmp.csv;
285;mlst_cmp.py;exp_GE_100;graph_GE_100_1_50_100_284;output_cmp.csv;
286;mlst_cmp.py;exp_GE_100;graph_GE_100_1_50_100_285;output_cmp.csv;
287;mlst_cmp.py;exp_GE_100;graph_GE_100_1_50_100_286;output_cmp.csv;
288;mlst_cmp.py;exp_GE_100;graph_GE_100_1_50_100_287;output_cmp.csv;
289;mlst_cmp.py;exp_GE_100;graph_GE_100_1_50_100_288;output_cmp.csv;
290;mlst_cmp.py;exp_GE_100;graph_GE_100_1_50_100_289;output_cmp.csv;
291;mlst_cmp.py;exp_GE_100;graph_GE_100_1_50_100_290;output_cmp.csv;
292;mlst_cmp.py;exp_GE_100;graph_GE_100_1_50_100_291;output_cmp.csv;
293;mlst_cmp.py;exp_GE_100;graph_GE_100_1_50_100_292;output_cmp.csv;
294;mlst_cmp.py;exp_GE_100;graph_GE_100_1_50_100_293;output_cmp.csv;
295;mlst_cmp.py;exp_GE_100;graph_GE_100_1_50_100_294;output_cmp.csv;
296;mlst_cmp.py;exp_GE_100;graph_GE_100_1_50_100_295;output_cmp.csv;
297;mlst_cmp.py;exp_GE_100;graph_GE_100_1_50_100_296;output_cmp.csv;
298;mlst_cmp.py;exp_GE_100;graph_GE_100_1_50_100_297;output_cmp.csv;
299;mlst_cmp.py;exp_GE_100;graph_GE_100_1_50_100_298;output_cmp.csv;
300;mlst_cmp.py;exp_GE_100;graph_GE_100_1_50_100_299;output_cmp.csv;
301;mlst_cmp.py;exp_GE_100;graph_GE_100_1_50_100_300;output_cmp.csv;
302;mlst_cmp.py;exp_GE_100;graph_GE_100_1_50_100_301;output_cmp.csv;
303;mlst_cmp.py;exp_GE_100;graph_GE_100_1_50_100_302;output_cmp.csv;
304;mlst_cmp.py;exp_GE_100;graph_GE_100_1_50_100_303;output_cmp.csv;
305;mlst_cmp.py;exp_GE_100;graph_GE_100_1_50_100_304;output_cmp.csv;
306;mlst_cmp.py;exp_GE_100;graph_GE_100_1_50_100_305;output_cmp.csv;
307;mlst_cmp.py;exp_GE_100;graph_GE_100_1_50_100_306;output_cmp.csv;
308;mlst_cmp.py;exp_GE_100;graph_GE_100_1_50_100_307;output_cmp.csv;
309;mlst_cmp.py;exp_GE_100;graph_GE_100_1_50_100_308;output_cmp.csv;
310;mlst_cmp.py;exp_GE_100;graph_GE_100_1_50_100_309;output_cmp.csv;
311;mlst_cmp.py;exp_GE_100;graph_GE_100_1_50_100_310;output_cmp.csv;
312;mlst_cmp.py;exp_GE_100;graph_GE_100_1_50_100_311;output_cmp.csv;
313;mlst_cmp.py;exp_GE_100;graph_GE_100_1_50_100_312;output_cmp.csv;
314;mlst_cmp.py;exp_GE_100;graph_GE_100_1_50_100_313;output_cmp.csv;
315;mlst_cmp.py;exp_GE_100;graph_GE_100_1_50_100_314;output_cmp.csv;
316;mlst_cmp.py;exp_GE_100;graph_GE_100_1_50_100_315;output_cmp.csv;
317;mlst_cmp.py;exp_GE_100;graph_GE_100_1_50_100_316;output_cmp.csv;
318;mlst_cmp.py;exp_GE_100;graph_GE_100_1_50_100_317;output_cmp.csv;
319;mlst_cmp.py;exp_GE_100;graph_GE_100_1_50_100_318;output_cmp.csv;
320;mlst_cmp.py;exp_GE_100;graph_GE_100_1_50_100_319;output_cmp.csv;
321;mlst_cmp.py;exp_GE_100;graph_GE_100_1_50_100_320;output_cmp.csv;
322;mlst_cmp.py;exp_GE_100;graph_GE_100_1_50_100_321;output_cmp.csv;
323;mlst_cmp.py;exp_GE_100;graph_GE_100_1_50_100_322;output_cmp.csv;
324;mlst_cmp.py;exp_GE_100;graph_GE_100_1_50_100_323;output_cmp.csv;
325;mlst_cmp.py;exp_GE_100;graph_GE_100_1_50_100_324;output_cmp.csv;
326;mlst_cmp.py;exp_GE_100;graph_GE_100_1_50_100_325;output_cmp.csv;
327;mlst_cmp.py;exp_GE_100;graph_GE_100_1_50_100_326;output_cmp.csv;
328;mlst_cmp.py;exp_GE_100;graph_GE_100_1_50_100_327;output_cmp.csv;
329;mlst_cmp.py;exp_GE_100;graph_GE_100_1_50_100_328;output_cmp.csv;
330;mlst_cmp.py;exp_GE_100;graph_GE_100_1_50_100_329;output_cmp.csv;
331;mlst_cmp.py;exp_GE_100;graph_GE_100_1_50_100_330;output_cmp.csv;
332;mlst_cmp.py;exp_GE_100;graph_GE_100_1_50_100_331;output_cmp.csv;
333;mlst_cmp.py;exp_GE_100;graph_GE_100_1_50_100_332;output_cmp.csv;
334;mlst_cmp.py;exp_GE_100;graph_GE_100_1_50_100_333;output_cmp.csv;
335;mlst_cmp.py;exp_GE_100;graph_GE_100_1_50_100_334;output_cmp.csv;
336;mlst_cmp.py;exp_GE_100;graph_GE_100_1_50_100_335;output_cmp.csv;
337;mlst_cmp.py;exp_GE_100;graph_GE_100_1_50_100_336;output_cmp.csv;
338;mlst_cmp.py;exp_GE_100;graph_GE_100_1_50_100_337;output_cmp.csv;
339;mlst_cmp.py;exp_GE_100;graph_GE_100_1_50_100_338;output_cmp.csv;
340;mlst_cmp.py;exp_GE_100;graph_GE_100_1_50_100_339;output_cmp.csv;
341;mlst_cmp.py;exp_GE_100;graph_GE_100_1_50_100_340;output_cmp.csv;
342;mlst_cmp.py;exp_GE_100;graph_GE_100_1_50_100_341;output_cmp.csv;
343;mlst_cmp.py;exp_GE_100;graph_GE_100_1_50_100_342;output_cmp.csv;
344;mlst_cmp.py;exp_GE_100;graph_GE_100_1_50_100_343;output_cmp.csv;
345;mlst_cmp.py;exp_GE_100;graph_GE_100_1_50_100_344;output_cmp.csv;
346;mlst_cmp.py;exp_GE_100;graph_GE_100_1_50_100_345;output_cmp.csv;
347;mlst_cmp.py;exp_GE_100;graph_GE_100_1_50_100_346;output_cmp.csv;
348;mlst_cmp.py;exp_GE_100;graph_GE_100_1_50_100_347;output_cmp.csv;
349;mlst_cmp.py;exp_GE_100;graph_GE_100_1_50_100_348;output_cmp.csv;
350;mlst_cmp.py;exp_GE_100;graph_GE_100_1_50_100_349;output_cmp.csv;
351;mlst_cmp.py;exp_GE_100;graph_GE_100_1_50_100_350;output_cmp.csv;
352;mlst_cmp.py;exp_GE_100;graph_GE_100_1_50_100_351;output_cmp.csv;
353;mlst_cmp.py;exp_GE_100;graph_GE_100_1_50_100_352;output_cmp.csv;
354;mlst_cmp.py;exp_GE_100;graph_GE_100_1_50_100_353;output_cmp.csv;
355;mlst_cmp.py;exp_GE_100;graph_GE_100_1_50_100_354;output_cmp.csv;
356;mlst_cmp.py;exp_GE_100;graph_GE_100_1_50_100_355;output_cmp.csv;
357;mlst_cmp.py;exp_GE_100;graph_GE_100_1_50_100_356;output_cmp.csv;
358;mlst_cmp.py;exp_GE_100;graph_GE_100_1_50_100_357;output_cmp.csv;
359;mlst_cmp.py;exp_GE_100;graph_GE_100_1_50_100_358;output_cmp.csv;
360;mlst_cmp.py;exp_GE_100;graph_GE_100_1_50_100_359;output_cmp.csv;
361;mlst_cmp.py;exp_GE_100;graph_GE_100_1_50_100_360;output_cmp.csv;
362;mlst_cmp.py;exp_GE_100;graph_GE_100_1_50_100_361;output_cmp.csv;
363;mlst_cmp.py;exp_GE_100;graph_GE_100_1_50_100_362;output_cmp.csv;
364;mlst_cmp.py;exp_GE_100;graph_GE_100_1_50_100_363;output_cmp.csv;
365;mlst_cmp.py;exp_GE_100;graph_GE_100_1_50_100_364;output_cmp.csv;
366;mlst_cmp.py;exp_GE_100;graph_GE_100_1_50_100_365;output_cmp.csv;
367;mlst_cmp.py;exp_GE_100;graph_GE_100_1_50_100_366;output_cmp.csv;
368;mlst_cmp.py;exp_GE_100;graph_GE_100_1_50_100_367;output_cmp.csv;
369;mlst_cmp.py;exp_GE_100;graph_GE_100_1_50_100_368;output_cmp.csv;
370;mlst_cmp.py;exp_GE_100;graph_GE_100_1_50_100_369;output_cmp.csv;
371;mlst_cmp.py;exp_GE_100;graph_GE_100_1_50_100_370;output_cmp.csv;
372;mlst_cmp.py;exp_GE_100;graph_GE_100_1_50_100_371;output_cmp.csv;
373;mlst_cmp.py;exp_GE_100;graph_GE_100_1_50_100_372;output_cmp.csv;
374;mlst_cmp.py;exp_GE_100;graph_GE_100_1_50_100_373;output_cmp.csv;
375;mlst_cmp.py;exp_GE_100;graph_GE_100_1_50_100_374;output_cmp.csv;
376;mlst_cmp.py;exp_GE_100;graph_GE_100_1_50_100_375;output_cmp.csv;
377;mlst_cmp.py;exp_GE_100;graph_GE_100_1_50_100_376;output_cmp.csv;
378;mlst_cmp.py;exp_GE_100;graph_GE_100_1_50_100_377;output_cmp.csv;
379;mlst_cmp.py;exp_GE_100;graph_GE_100_1_50_100_378;output_cmp.csv;
380;mlst_cmp.py;exp_GE_100;graph_GE_100_1_50_100_379;output_cmp.csv;
381;mlst_cmp.py;exp_GE_100;graph_GE_100_1_50_100_380;output_cmp.csv;
382;mlst_cmp.py;exp_GE_100;graph_GE_100_1_50_100_381;output_cmp.csv;
383;mlst_cmp.py;exp_GE_100;graph_GE_100_1_50_100_382;output_cmp.csv;
384;mlst_cmp.py;exp_GE_100;graph_GE_100_1_50_100_383;output_cmp.csv;
385;mlst_cmp.py;exp_GE_100;graph_GE_100_1_50_100_384;output_cmp.csv;
386;mlst_cmp.py;exp_GE_100;graph_GE_100_1_50_100_385;output_cmp.csv;
387;mlst_cmp.py;exp_GE_100;graph_GE_100_1_50_100_386;output_cmp.csv;
388;mlst_cmp.py;exp_GE_100;graph_GE_100_1_50_100_387;output_cmp.csv;
389;mlst_cmp.py;exp_GE_100;graph_GE_100_1_50_100_388;output_cmp.csv;
390;mlst_cmp.py;exp_GE_100;graph_GE_100_1_50_100_389;output_cmp.csv;
391;mlst_cmp.py;exp_GE_100;graph_GE_100_1_50_100_390;output_cmp.csv;
392;mlst_cmp.py;exp_GE_100;graph_GE_100_1_50_100_391;output_cmp.csv;
393;mlst_cmp.py;exp_GE_100;graph_GE_100_1_50_100_392;output_cmp.csv;
394;mlst_cmp.py;exp_GE_100;graph_GE_100_1_50_100_393;output_cmp.csv;
395;mlst_cmp.py;exp_GE_100;graph_GE_100_1_50_100_394;output_cmp.csv;
396;mlst_cmp.py;exp_GE_100;graph_GE_100_1_50_100_395;output_cmp.csv;
397;mlst_cmp.py;exp_GE_100;graph_GE_100_1_50_100_396;output_cmp.csv;
398;mlst_cmp.py;exp_GE_100;graph_GE_100_1_50_100_397;output_cmp.csv;
399;mlst_cmp.py;exp_GE_100;graph_GE_100_1_50_100_398;output_cmp.csv;
400;mlst_cmp.py;exp_GE_100;graph_GE_100_1_50_100_399;output_cmp.csv;
