1;mlst_exact_output_graph_puma.py;exp_GE_50;graph_GE_50_1_50_50_0;output_exact.csv;
2;mlst_exact_output_graph_puma.py;exp_GE_50;graph_GE_50_1_50_50_1;output_exact.csv;
3;mlst_exact_output_graph_puma.py;exp_GE_50;graph_GE_50_1_50_50_2;output_exact.csv;
4;mlst_exact_output_graph_puma.py;exp_GE_50;graph_GE_50_1_50_50_3;output_exact.csv;
5;mlst_exact_output_graph_puma.py;exp_GE_50;graph_GE_50_1_50_50_4;output_exact.csv;
6;mlst_exact_output_graph_puma.py;exp_GE_50;graph_GE_50_1_50_50_5;output_exact.csv;
7;mlst_exact_output_graph_puma.py;exp_GE_50;graph_GE_50_1_50_50_6;output_exact.csv;
8;mlst_exact_output_graph_puma.py;exp_GE_50;graph_GE_50_1_50_50_7;output_exact.csv;
9;mlst_exact_output_graph_puma.py;exp_GE_50;graph_GE_50_1_50_50_8;output_exact.csv;
10;mlst_exact_output_graph_puma.py;exp_GE_50;graph_GE_50_1_50_50_9;output_exact.csv;
11;mlst_exact_output_graph_puma.py;exp_GE_50;graph_GE_50_1_50_50_10;output_exact.csv;
12;mlst_exact_output_graph_puma.py;exp_GE_50;graph_GE_50_1_50_50_11;output_exact.csv;
13;mlst_exact_output_graph_puma.py;exp_GE_50;graph_GE_50_1_50_50_12;output_exact.csv;
14;mlst_exact_output_graph_puma.py;exp_GE_50;graph_GE_50_1_50_50_13;output_exact.csv;
15;mlst_exact_output_graph_puma.py;exp_GE_50;graph_GE_50_1_50_50_14;output_exact.csv;
16;mlst_exact_output_graph_puma.py;exp_GE_50;graph_GE_50_1_50_50_15;output_exact.csv;
17;mlst_exact_output_graph_puma.py;exp_GE_50;graph_GE_50_1_50_50_16;output_exact.csv;
18;mlst_exact_output_graph_puma.py;exp_GE_50;graph_GE_50_1_50_50_17;output_exact.csv;
19;mlst_exact_output_graph_puma.py;exp_GE_50;graph_GE_50_1_50_50_18;output_exact.csv;
20;mlst_exact_output_graph_puma.py;exp_GE_50;graph_GE_50_1_50_50_19;output_exact.csv;
21;mlst_exact_output_graph_puma.py;exp_GE_50;graph_GE_50_1_50_50_20;output_exact.csv;
22;mlst_exact_output_graph_puma.py;exp_GE_50;graph_GE_50_1_50_50_21;output_exact.csv;
23;mlst_exact_output_graph_puma.py;exp_GE_50;graph_GE_50_1_50_50_22;output_exact.csv;
24;mlst_exact_output_graph_puma.py;exp_GE_50;graph_GE_50_1_50_50_23;output_exact.csv;
25;mlst_exact_output_graph_puma.py;exp_GE_50;graph_GE_50_1_50_50_24;output_exact.csv;
26;mlst_exact_output_graph_puma.py;exp_GE_50;graph_GE_50_1_50_50_25;output_exact.csv;
27;mlst_exact_output_graph_puma.py;exp_GE_50;graph_GE_50_1_50_50_26;output_exact.csv;
28;mlst_exact_output_graph_puma.py;exp_GE_50;graph_GE_50_1_50_50_27;output_exact.csv;
29;mlst_exact_output_graph_puma.py;exp_GE_50;graph_GE_50_1_50_50_28;output_exact.csv;
30;mlst_exact_output_graph_puma.py;exp_GE_50;graph_GE_50_1_50_50_29;output_exact.csv;
31;mlst_exact_output_graph_puma.py;exp_GE_50;graph_GE_50_1_50_50_30;output_exact.csv;
32;mlst_exact_output_graph_puma.py;exp_GE_50;graph_GE_50_1_50_50_31;output_exact.csv;
33;mlst_exact_output_graph_puma.py;exp_GE_50;graph_GE_50_1_50_50_32;output_exact.csv;
34;mlst_exact_output_graph_puma.py;exp_GE_50;graph_GE_50_1_50_50_33;output_exact.csv;
35;mlst_exact_output_graph_puma.py;exp_GE_50;graph_GE_50_1_50_50_34;output_exact.csv;
36;mlst_exact_output_graph_puma.py;exp_GE_50;graph_GE_50_1_50_50_35;output_exact.csv;
37;mlst_exact_output_graph_puma.py;exp_GE_50;graph_GE_50_1_50_50_36;output_exact.csv;
38;mlst_exact_output_graph_puma.py;exp_GE_50;graph_GE_50_1_50_50_37;output_exact.csv;
39;mlst_exact_output_graph_puma.py;exp_GE_50;graph_GE_50_1_50_50_38;output_exact.csv;
40;mlst_exact_output_graph_puma.py;exp_GE_50;graph_GE_50_1_50_50_39;output_exact.csv;
41;mlst_exact_output_graph_puma.py;exp_GE_50;graph_GE_50_1_50_50_40;output_exact.csv;
42;mlst_exact_output_graph_puma.py;exp_GE_50;graph_GE_50_1_50_50_41;output_exact.csv;
43;mlst_exact_output_graph_puma.py;exp_GE_50;graph_GE_50_1_50_50_42;output_exact.csv;
44;mlst_exact_output_graph_puma.py;exp_GE_50;graph_GE_50_1_50_50_43;output_exact.csv;
45;mlst_exact_output_graph_puma.py;exp_GE_50;graph_GE_50_1_50_50_44;output_exact.csv;
46;mlst_exact_output_graph_puma.py;exp_GE_50;graph_GE_50_1_50_50_45;output_exact.csv;
47;mlst_exact_output_graph_puma.py;exp_GE_50;graph_GE_50_1_50_50_46;output_exact.csv;
48;mlst_exact_output_graph_puma.py;exp_GE_50;graph_GE_50_1_50_50_47;output_exact.csv;
49;mlst_exact_output_graph_puma.py;exp_GE_50;graph_GE_50_1_50_50_48;output_exact.csv;
50;mlst_exact_output_graph_puma.py;exp_GE_50;graph_GE_50_1_50_50_49;output_exact.csv;
51;mlst_exact_output_graph_puma.py;exp_GE_50;graph_GE_50_1_50_50_50;output_exact.csv;
52;mlst_exact_output_graph_puma.py;exp_GE_50;graph_GE_50_1_50_50_51;output_exact.csv;
53;mlst_exact_output_graph_puma.py;exp_GE_50;graph_GE_50_1_50_50_52;output_exact.csv;
54;mlst_exact_output_graph_puma.py;exp_GE_50;graph_GE_50_1_50_50_53;output_exact.csv;
55;mlst_exact_output_graph_puma.py;exp_GE_50;graph_GE_50_1_50_50_54;output_exact.csv;
56;mlst_exact_output_graph_puma.py;exp_GE_50;graph_GE_50_1_50_50_55;output_exact.csv;
57;mlst_exact_output_graph_puma.py;exp_GE_50;graph_GE_50_1_50_50_56;output_exact.csv;
58;mlst_exact_output_graph_puma.py;exp_GE_50;graph_GE_50_1_50_50_57;output_exact.csv;
59;mlst_exact_output_graph_puma.py;exp_GE_50;graph_GE_50_1_50_50_58;output_exact.csv;
60;mlst_exact_output_graph_puma.py;exp_GE_50;graph_GE_50_1_50_50_59;output_exact.csv;
61;mlst_exact_output_graph_puma.py;exp_GE_50;graph_GE_50_1_50_50_60;output_exact.csv;
62;mlst_exact_output_graph_puma.py;exp_GE_50;graph_GE_50_1_50_50_61;output_exact.csv;
63;mlst_exact_output_graph_puma.py;exp_GE_50;graph_GE_50_1_50_50_62;output_exact.csv;
64;mlst_exact_output_graph_puma.py;exp_GE_50;graph_GE_50_1_50_50_63;output_exact.csv;
65;mlst_exact_output_graph_puma.py;exp_GE_50;graph_GE_50_1_50_50_64;output_exact.csv;
66;mlst_exact_output_graph_puma.py;exp_GE_50;graph_GE_50_1_50_50_65;output_exact.csv;
67;mlst_exact_output_graph_puma.py;exp_GE_50;graph_GE_50_1_50_50_66;output_exact.csv;
68;mlst_exact_output_graph_puma.py;exp_GE_50;graph_GE_50_1_50_50_67;output_exact.csv;
69;mlst_exact_output_graph_puma.py;exp_GE_50;graph_GE_50_1_50_50_68;output_exact.csv;
70;mlst_exact_output_graph_puma.py;exp_GE_50;graph_GE_50_1_50_50_69;output_exact.csv;
71;mlst_exact_output_graph_puma.py;exp_GE_50;graph_GE_50_1_50_50_70;output_exact.csv;
72;mlst_exact_output_graph_puma.py;exp_GE_50;graph_GE_50_1_50_50_71;output_exact.csv;
73;mlst_exact_output_graph_puma.py;exp_GE_50;graph_GE_50_1_50_50_72;output_exact.csv;
74;mlst_exact_output_graph_puma.py;exp_GE_50;graph_GE_50_1_50_50_73;output_exact.csv;
75;mlst_exact_output_graph_puma.py;exp_GE_50;graph_GE_50_1_50_50_74;output_exact.csv;
76;mlst_exact_output_graph_puma.py;exp_GE_50;graph_GE_50_1_50_50_75;output_exact.csv;
77;mlst_exact_output_graph_puma.py;exp_GE_50;graph_GE_50_1_50_50_76;output_exact.csv;
78;mlst_exact_output_graph_puma.py;exp_GE_50;graph_GE_50_1_50_50_77;output_exact.csv;
79;mlst_exact_output_graph_puma.py;exp_GE_50;graph_GE_50_1_50_50_78;output_exact.csv;
80;mlst_exact_output_graph_puma.py;exp_GE_50;graph_GE_50_1_50_50_79;output_exact.csv;
81;mlst_exact_output_graph_puma.py;exp_GE_50;graph_GE_50_1_50_50_80;output_exact.csv;
82;mlst_exact_output_graph_puma.py;exp_GE_50;graph_GE_50_1_50_50_81;output_exact.csv;
83;mlst_exact_output_graph_puma.py;exp_GE_50;graph_GE_50_1_50_50_82;output_exact.csv;
84;mlst_exact_output_graph_puma.py;exp_GE_50;graph_GE_50_1_50_50_83;output_exact.csv;
85;mlst_exact_output_graph_puma.py;exp_GE_50;graph_GE_50_1_50_50_84;output_exact.csv;
86;mlst_exact_output_graph_puma.py;exp_GE_50;graph_GE_50_1_50_50_85;output_exact.csv;
87;mlst_exact_output_graph_puma.py;exp_GE_50;graph_GE_50_1_50_50_86;output_exact.csv;
88;mlst_exact_output_graph_puma.py;exp_GE_50;graph_GE_50_1_50_50_87;output_exact.csv;
89;mlst_exact_output_graph_puma.py;exp_GE_50;graph_GE_50_1_50_50_88;output_exact.csv;
90;mlst_exact_output_graph_puma.py;exp_GE_50;graph_GE_50_1_50_50_89;output_exact.csv;
91;mlst_exact_output_graph_puma.py;exp_GE_50;graph_GE_50_1_50_50_90;output_exact.csv;
92;mlst_exact_output_graph_puma.py;exp_GE_50;graph_GE_50_1_50_50_91;output_exact.csv;
93;mlst_exact_output_graph_puma.py;exp_GE_50;graph_GE_50_1_50_50_92;output_exact.csv;
94;mlst_exact_output_graph_puma.py;exp_GE_50;graph_GE_50_1_50_50_93;output_exact.csv;
95;mlst_exact_output_graph_puma.py;exp_GE_50;graph_GE_50_1_50_50_94;output_exact.csv;
96;mlst_exact_output_graph_puma.py;exp_GE_50;graph_GE_50_1_50_50_95;output_exact.csv;
97;mlst_exact_output_graph_puma.py;exp_GE_50;graph_GE_50_1_50_50_96;output_exact.csv;
98;mlst_exact_output_graph_puma.py;exp_GE_50;graph_GE_50_1_50_50_97;output_exact.csv;
99;mlst_exact_output_graph_puma.py;exp_GE_50;graph_GE_50_1_50_50_98;output_exact.csv;
100;mlst_exact_output_graph_puma.py;exp_GE_50;graph_GE_50_1_50_50_99;output_exact.csv;
101;mlst_exact_output_graph_puma.py;exp_GE_50;graph_GE_50_1_50_50_100;output_exact.csv;
102;mlst_exact_output_graph_puma.py;exp_GE_50;graph_GE_50_1_50_50_101;output_exact.csv;
103;mlst_exact_output_graph_puma.py;exp_GE_50;graph_GE_50_1_50_50_102;output_exact.csv;
104;mlst_exact_output_graph_puma.py;exp_GE_50;graph_GE_50_1_50_50_103;output_exact.csv;
105;mlst_exact_output_graph_puma.py;exp_GE_50;graph_GE_50_1_50_50_104;output_exact.csv;
106;mlst_exact_output_graph_puma.py;exp_GE_50;graph_GE_50_1_50_50_105;output_exact.csv;
107;mlst_exact_output_graph_puma.py;exp_GE_50;graph_GE_50_1_50_50_106;output_exact.csv;
108;mlst_exact_output_graph_puma.py;exp_GE_50;graph_GE_50_1_50_50_107;output_exact.csv;
109;mlst_exact_output_graph_puma.py;exp_GE_50;graph_GE_50_1_50_50_108;output_exact.csv;
110;mlst_exact_output_graph_puma.py;exp_GE_50;graph_GE_50_1_50_50_109;output_exact.csv;
111;mlst_exact_output_graph_puma.py;exp_GE_50;graph_GE_50_1_50_50_110;output_exact.csv;
112;mlst_exact_output_graph_puma.py;exp_GE_50;graph_GE_50_1_50_50_111;output_exact.csv;
113;mlst_exact_output_graph_puma.py;exp_GE_50;graph_GE_50_1_50_50_112;output_exact.csv;
114;mlst_exact_output_graph_puma.py;exp_GE_50;graph_GE_50_1_50_50_113;output_exact.csv;
115;mlst_exact_output_graph_puma.py;exp_GE_50;graph_GE_50_1_50_50_114;output_exact.csv;
116;mlst_exact_output_graph_puma.py;exp_GE_50;graph_GE_50_1_50_50_115;output_exact.csv;
117;mlst_exact_output_graph_puma.py;exp_GE_50;graph_GE_50_1_50_50_116;output_exact.csv;
118;mlst_exact_output_graph_puma.py;exp_GE_50;graph_GE_50_1_50_50_117;output_exact.csv;
119;mlst_exact_output_graph_puma.py;exp_GE_50;graph_GE_50_1_50_50_118;output_exact.csv;
120;mlst_exact_output_graph_puma.py;exp_GE_50;graph_GE_50_1_50_50_119;output_exact.csv;
121;mlst_exact_output_graph_puma.py;exp_GE_50;graph_GE_50_1_50_50_120;output_exact.csv;
122;mlst_exact_output_graph_puma.py;exp_GE_50;graph_GE_50_1_50_50_121;output_exact.csv;
123;mlst_exact_output_graph_puma.py;exp_GE_50;graph_GE_50_1_50_50_122;output_exact.csv;
124;mlst_exact_output_graph_puma.py;exp_GE_50;graph_GE_50_1_50_50_123;output_exact.csv;
125;mlst_exact_output_graph_puma.py;exp_GE_50;graph_GE_50_1_50_50_124;output_exact.csv;
126;mlst_exact_output_graph_puma.py;exp_GE_50;graph_GE_50_1_50_50_125;output_exact.csv;
127;mlst_exact_output_graph_puma.py;exp_GE_50;graph_GE_50_1_50_50_126;output_exact.csv;
128;mlst_exact_output_graph_puma.py;exp_GE_50;graph_GE_50_1_50_50_127;output_exact.csv;
129;mlst_exact_output_graph_puma.py;exp_GE_50;graph_GE_50_1_50_50_128;output_exact.csv;
130;mlst_exact_output_graph_puma.py;exp_GE_50;graph_GE_50_1_50_50_129;output_exact.csv;
131;mlst_exact_output_graph_puma.py;exp_GE_50;graph_GE_50_1_50_50_130;output_exact.csv;
132;mlst_exact_output_graph_puma.py;exp_GE_50;graph_GE_50_1_50_50_131;output_exact.csv;
133;mlst_exact_output_graph_puma.py;exp_GE_50;graph_GE_50_1_50_50_132;output_exact.csv;
134;mlst_exact_output_graph_puma.py;exp_GE_50;graph_GE_50_1_50_50_133;output_exact.csv;
135;mlst_exact_output_graph_puma.py;exp_GE_50;graph_GE_50_1_50_50_134;output_exact.csv;
136;mlst_exact_output_graph_puma.py;exp_GE_50;graph_GE_50_1_50_50_135;output_exact.csv;
137;mlst_exact_output_graph_puma.py;exp_GE_50;graph_GE_50_1_50_50_136;output_exact.csv;
138;mlst_exact_output_graph_puma.py;exp_GE_50;graph_GE_50_1_50_50_137;output_exact.csv;
139;mlst_exact_output_graph_puma.py;exp_GE_50;graph_GE_50_1_50_50_138;output_exact.csv;
140;mlst_exact_output_graph_puma.py;exp_GE_50;graph_GE_50_1_50_50_139;output_exact.csv;
141;mlst_exact_output_graph_puma.py;exp_GE_50;graph_GE_50_1_50_50_140;output_exact.csv;
142;mlst_exact_output_graph_puma.py;exp_GE_50;graph_GE_50_1_50_50_141;output_exact.csv;
143;mlst_exact_output_graph_puma.py;exp_GE_50;graph_GE_50_1_50_50_142;output_exact.csv;
144;mlst_exact_output_graph_puma.py;exp_GE_50;graph_GE_50_1_50_50_143;output_exact.csv;
145;mlst_exact_output_graph_puma.py;exp_GE_50;graph_GE_50_1_50_50_144;output_exact.csv;
146;mlst_exact_output_graph_puma.py;exp_GE_50;graph_GE_50_1_50_50_145;output_exact.csv;
147;mlst_exact_output_graph_puma.py;exp_GE_50;graph_GE_50_1_50_50_146;output_exact.csv;
148;mlst_exact_output_graph_puma.py;exp_GE_50;graph_GE_50_1_50_50_147;output_exact.csv;
149;mlst_exact_output_graph_puma.py;exp_GE_50;graph_GE_50_1_50_50_148;output_exact.csv;
150;mlst_exact_output_graph_puma.py;exp_GE_50;graph_GE_50_1_50_50_149;output_exact.csv;
151;mlst_exact_output_graph_puma.py;exp_GE_50;graph_GE_50_1_50_50_150;output_exact.csv;
152;mlst_exact_output_graph_puma.py;exp_GE_50;graph_GE_50_1_50_50_151;output_exact.csv;
153;mlst_exact_output_graph_puma.py;exp_GE_50;graph_GE_50_1_50_50_152;output_exact.csv;
154;mlst_exact_output_graph_puma.py;exp_GE_50;graph_GE_50_1_50_50_153;output_exact.csv;
155;mlst_exact_output_graph_puma.py;exp_GE_50;graph_GE_50_1_50_50_154;output_exact.csv;
156;mlst_exact_output_graph_puma.py;exp_GE_50;graph_GE_50_1_50_50_155;output_exact.csv;
157;mlst_exact_output_graph_puma.py;exp_GE_50;graph_GE_50_1_50_50_156;output_exact.csv;
158;mlst_exact_output_graph_puma.py;exp_GE_50;graph_GE_50_1_50_50_157;output_exact.csv;
159;mlst_exact_output_graph_puma.py;exp_GE_50;graph_GE_50_1_50_50_158;output_exact.csv;
160;mlst_exact_output_graph_puma.py;exp_GE_50;graph_GE_50_1_50_50_159;output_exact.csv;
161;mlst_exact_output_graph_puma.py;exp_GE_50;graph_GE_50_1_50_50_160;output_exact.csv;
162;mlst_exact_output_graph_puma.py;exp_GE_50;graph_GE_50_1_50_50_161;output_exact.csv;
163;mlst_exact_output_graph_puma.py;exp_GE_50;graph_GE_50_1_50_50_162;output_exact.csv;
164;mlst_exact_output_graph_puma.py;exp_GE_50;graph_GE_50_1_50_50_163;output_exact.csv;
165;mlst_exact_output_graph_puma.py;exp_GE_50;graph_GE_50_1_50_50_164;output_exact.csv;
166;mlst_exact_output_graph_puma.py;exp_GE_50;graph_GE_50_1_50_50_165;output_exact.csv;
167;mlst_exact_output_graph_puma.py;exp_GE_50;graph_GE_50_1_50_50_166;output_exact.csv;
168;mlst_exact_output_graph_puma.py;exp_GE_50;graph_GE_50_1_50_50_167;output_exact.csv;
169;mlst_exact_output_graph_puma.py;exp_GE_50;graph_GE_50_1_50_50_168;output_exact.csv;
170;mlst_exact_output_graph_puma.py;exp_GE_50;graph_GE_50_1_50_50_169;output_exact.csv;
171;mlst_exact_output_graph_puma.py;exp_GE_50;graph_GE_50_1_50_50_170;output_exact.csv;
172;mlst_exact_output_graph_puma.py;exp_GE_50;graph_GE_50_1_50_50_171;output_exact.csv;
173;mlst_exact_output_graph_puma.py;exp_GE_50;graph_GE_50_1_50_50_172;output_exact.csv;
174;mlst_exact_output_graph_puma.py;exp_GE_50;graph_GE_50_1_50_50_173;output_exact.csv;
175;mlst_exact_output_graph_puma.py;exp_GE_50;graph_GE_50_1_50_50_174;output_exact.csv;
176;mlst_exact_output_graph_puma.py;exp_GE_50;graph_GE_50_1_50_50_175;output_exact.csv;
177;mlst_exact_output_graph_puma.py;exp_GE_50;graph_GE_50_1_50_50_176;output_exact.csv;
178;mlst_exact_output_graph_puma.py;exp_GE_50;graph_GE_50_1_50_50_177;output_exact.csv;
179;mlst_exact_output_graph_puma.py;exp_GE_50;graph_GE_50_1_50_50_178;output_exact.csv;
180;mlst_exact_output_graph_puma.py;exp_GE_50;graph_GE_50_1_50_50_179;output_exact.csv;
181;mlst_exact_output_graph_puma.py;exp_GE_50;graph_GE_50_1_50_50_180;output_exact.csv;
182;mlst_exact_output_graph_puma.py;exp_GE_50;graph_GE_50_1_50_50_181;output_exact.csv;
183;mlst_exact_output_graph_puma.py;exp_GE_50;graph_GE_50_1_50_50_182;output_exact.csv;
184;mlst_exact_output_graph_puma.py;exp_GE_50;graph_GE_50_1_50_50_183;output_exact.csv;
185;mlst_exact_output_graph_puma.py;exp_GE_50;graph_GE_50_1_50_50_184;output_exact.csv;
186;mlst_exact_output_graph_puma.py;exp_GE_50;graph_GE_50_1_50_50_185;output_exact.csv;
187;mlst_exact_output_graph_puma.py;exp_GE_50;graph_GE_50_1_50_50_186;output_exact.csv;
188;mlst_exact_output_graph_puma.py;exp_GE_50;graph_GE_50_1_50_50_187;output_exact.csv;
189;mlst_exact_output_graph_puma.py;exp_GE_50;graph_GE_50_1_50_50_188;output_exact.csv;
190;mlst_exact_output_graph_puma.py;exp_GE_50;graph_GE_50_1_50_50_189;output_exact.csv;
191;mlst_exact_output_graph_puma.py;exp_GE_50;graph_GE_50_1_50_50_190;output_exact.csv;
192;mlst_exact_output_graph_puma.py;exp_GE_50;graph_GE_50_1_50_50_191;output_exact.csv;
193;mlst_exact_output_graph_puma.py;exp_GE_50;graph_GE_50_1_50_50_192;output_exact.csv;
194;mlst_exact_output_graph_puma.py;exp_GE_50;graph_GE_50_1_50_50_193;output_exact.csv;
195;mlst_exact_output_graph_puma.py;exp_GE_50;graph_GE_50_1_50_50_194;output_exact.csv;
196;mlst_exact_output_graph_puma.py;exp_GE_50;graph_GE_50_1_50_50_195;output_exact.csv;
197;mlst_exact_output_graph_puma.py;exp_GE_50;graph_GE_50_1_50_50_196;output_exact.csv;
198;mlst_exact_output_graph_puma.py;exp_GE_50;graph_GE_50_1_50_50_197;output_exact.csv;
199;mlst_exact_output_graph_puma.py;exp_GE_50;graph_GE_50_1_50_50_198;output_exact.csv;
200;mlst_exact_output_graph_puma.py;exp_GE_50;graph_GE_50_1_50_50_199;output_exact.csv;
201;mlst_exact_output_graph_puma.py;exp_GE_50;graph_GE_50_1_50_50_200;output_exact.csv;
202;mlst_exact_output_graph_puma.py;exp_GE_50;graph_GE_50_1_50_50_201;output_exact.csv;
203;mlst_exact_output_graph_puma.py;exp_GE_50;graph_GE_50_1_50_50_202;output_exact.csv;
204;mlst_exact_output_graph_puma.py;exp_GE_50;graph_GE_50_1_50_50_203;output_exact.csv;
205;mlst_exact_output_graph_puma.py;exp_GE_50;graph_GE_50_1_50_50_204;output_exact.csv;
206;mlst_exact_output_graph_puma.py;exp_GE_50;graph_GE_50_1_50_50_205;output_exact.csv;
207;mlst_exact_output_graph_puma.py;exp_GE_50;graph_GE_50_1_50_50_206;output_exact.csv;
208;mlst_exact_output_graph_puma.py;exp_GE_50;graph_GE_50_1_50_50_207;output_exact.csv;
209;mlst_exact_output_graph_puma.py;exp_GE_50;graph_GE_50_1_50_50_208;output_exact.csv;
210;mlst_exact_output_graph_puma.py;exp_GE_50;graph_GE_50_1_50_50_209;output_exact.csv;
211;mlst_exact_output_graph_puma.py;exp_GE_50;graph_GE_50_1_50_50_210;output_exact.csv;
212;mlst_exact_output_graph_puma.py;exp_GE_50;graph_GE_50_1_50_50_211;output_exact.csv;
213;mlst_exact_output_graph_puma.py;exp_GE_50;graph_GE_50_1_50_50_212;output_exact.csv;
214;mlst_exact_output_graph_puma.py;exp_GE_50;graph_GE_50_1_50_50_213;output_exact.csv;
215;mlst_exact_output_graph_puma.py;exp_GE_50;graph_GE_50_1_50_50_214;output_exact.csv;
216;mlst_exact_output_graph_puma.py;exp_GE_50;graph_GE_50_1_50_50_215;output_exact.csv;
217;mlst_exact_output_graph_puma.py;exp_GE_50;graph_GE_50_1_50_50_216;output_exact.csv;
218;mlst_exact_output_graph_puma.py;exp_GE_50;graph_GE_50_1_50_50_217;output_exact.csv;
219;mlst_exact_output_graph_puma.py;exp_GE_50;graph_GE_50_1_50_50_218;output_exact.csv;
220;mlst_exact_output_graph_puma.py;exp_GE_50;graph_GE_50_1_50_50_219;output_exact.csv;
221;mlst_exact_output_graph_puma.py;exp_GE_50;graph_GE_50_1_50_50_220;output_exact.csv;
222;mlst_exact_output_graph_puma.py;exp_GE_50;graph_GE_50_1_50_50_221;output_exact.csv;
223;mlst_exact_output_graph_puma.py;exp_GE_50;graph_GE_50_1_50_50_222;output_exact.csv;
224;mlst_exact_output_graph_puma.py;exp_GE_50;graph_GE_50_1_50_50_223;output_exact.csv;
225;mlst_exact_output_graph_puma.py;exp_GE_50;graph_GE_50_1_50_50_224;output_exact.csv;
226;mlst_exact_output_graph_puma.py;exp_GE_50;graph_GE_50_1_50_50_225;output_exact.csv;
227;mlst_exact_output_graph_puma.py;exp_GE_50;graph_GE_50_1_50_50_226;output_exact.csv;
228;mlst_exact_output_graph_puma.py;exp_GE_50;graph_GE_50_1_50_50_227;output_exact.csv;
229;mlst_exact_output_graph_puma.py;exp_GE_50;graph_GE_50_1_50_50_228;output_exact.csv;
230;mlst_exact_output_graph_puma.py;exp_GE_50;graph_GE_50_1_50_50_229;output_exact.csv;
231;mlst_exact_output_graph_puma.py;exp_GE_50;graph_GE_50_1_50_50_230;output_exact.csv;
232;mlst_exact_output_graph_puma.py;exp_GE_50;graph_GE_50_1_50_50_231;output_exact.csv;
233;mlst_exact_output_graph_puma.py;exp_GE_50;graph_GE_50_1_50_50_232;output_exact.csv;
234;mlst_exact_output_graph_puma.py;exp_GE_50;graph_GE_50_1_50_50_233;output_exact.csv;
235;mlst_exact_output_graph_puma.py;exp_GE_50;graph_GE_50_1_50_50_234;output_exact.csv;
236;mlst_exact_output_graph_puma.py;exp_GE_50;graph_GE_50_1_50_50_235;output_exact.csv;
237;mlst_exact_output_graph_puma.py;exp_GE_50;graph_GE_50_1_50_50_236;output_exact.csv;
238;mlst_exact_output_graph_puma.py;exp_GE_50;graph_GE_50_1_50_50_237;output_exact.csv;
239;mlst_exact_output_graph_puma.py;exp_GE_50;graph_GE_50_1_50_50_238;output_exact.csv;
240;mlst_exact_output_graph_puma.py;exp_GE_50;graph_GE_50_1_50_50_239;output_exact.csv;
241;mlst_exact_output_graph_puma.py;exp_GE_50;graph_GE_50_1_50_50_240;output_exact.csv;
242;mlst_exact_output_graph_puma.py;exp_GE_50;graph_GE_50_1_50_50_241;output_exact.csv;
243;mlst_exact_output_graph_puma.py;exp_GE_50;graph_GE_50_1_50_50_242;output_exact.csv;
244;mlst_exact_output_graph_puma.py;exp_GE_50;graph_GE_50_1_50_50_243;output_exact.csv;
245;mlst_exact_output_graph_puma.py;exp_GE_50;graph_GE_50_1_50_50_244;output_exact.csv;
246;mlst_exact_output_graph_puma.py;exp_GE_50;graph_GE_50_1_50_50_245;output_exact.csv;
247;mlst_exact_output_graph_puma.py;exp_GE_50;graph_GE_50_1_50_50_246;output_exact.csv;
248;mlst_exact_output_graph_puma.py;exp_GE_50;graph_GE_50_1_50_50_247;output_exact.csv;
249;mlst_exact_output_graph_puma.py;exp_GE_50;graph_GE_50_1_50_50_248;output_exact.csv;
250;mlst_exact_output_graph_puma.py;exp_GE_50;graph_GE_50_1_50_50_249;output_exact.csv;
251;mlst_exact_output_graph_puma.py;exp_GE_50;graph_GE_50_1_50_50_250;output_exact.csv;
252;mlst_exact_output_graph_puma.py;exp_GE_50;graph_GE_50_1_50_50_251;output_exact.csv;
253;mlst_exact_output_graph_puma.py;exp_GE_50;graph_GE_50_1_50_50_252;output_exact.csv;
254;mlst_exact_output_graph_puma.py;exp_GE_50;graph_GE_50_1_50_50_253;output_exact.csv;
255;mlst_exact_output_graph_puma.py;exp_GE_50;graph_GE_50_1_50_50_254;output_exact.csv;
256;mlst_exact_output_graph_puma.py;exp_GE_50;graph_GE_50_1_50_50_255;output_exact.csv;
257;mlst_exact_output_graph_puma.py;exp_GE_50;graph_GE_50_1_50_50_256;output_exact.csv;
258;mlst_exact_output_graph_puma.py;exp_GE_50;graph_GE_50_1_50_50_257;output_exact.csv;
259;mlst_exact_output_graph_puma.py;exp_GE_50;graph_GE_50_1_50_50_258;output_exact.csv;
260;mlst_exact_output_graph_puma.py;exp_GE_50;graph_GE_50_1_50_50_259;output_exact.csv;
261;mlst_exact_output_graph_puma.py;exp_GE_50;graph_GE_50_1_50_50_260;output_exact.csv;
262;mlst_exact_output_graph_puma.py;exp_GE_50;graph_GE_50_1_50_50_261;output_exact.csv;
263;mlst_exact_output_graph_puma.py;exp_GE_50;graph_GE_50_1_50_50_262;output_exact.csv;
264;mlst_exact_output_graph_puma.py;exp_GE_50;graph_GE_50_1_50_50_263;output_exact.csv;
265;mlst_exact_output_graph_puma.py;exp_GE_50;graph_GE_50_1_50_50_264;output_exact.csv;
266;mlst_exact_output_graph_puma.py;exp_GE_50;graph_GE_50_1_50_50_265;output_exact.csv;
267;mlst_exact_output_graph_puma.py;exp_GE_50;graph_GE_50_1_50_50_266;output_exact.csv;
268;mlst_exact_output_graph_puma.py;exp_GE_50;graph_GE_50_1_50_50_267;output_exact.csv;
269;mlst_exact_output_graph_puma.py;exp_GE_50;graph_GE_50_1_50_50_268;output_exact.csv;
270;mlst_exact_output_graph_puma.py;exp_GE_50;graph_GE_50_1_50_50_269;output_exact.csv;
271;mlst_exact_output_graph_puma.py;exp_GE_50;graph_GE_50_1_50_50_270;output_exact.csv;
272;mlst_exact_output_graph_puma.py;exp_GE_50;graph_GE_50_1_50_50_271;output_exact.csv;
273;mlst_exact_output_graph_puma.py;exp_GE_50;graph_GE_50_1_50_50_272;output_exact.csv;
274;mlst_exact_output_graph_puma.py;exp_GE_50;graph_GE_50_1_50_50_273;output_exact.csv;
275;mlst_exact_output_graph_puma.py;exp_GE_50;graph_GE_50_1_50_50_274;output_exact.csv;
276;mlst_exact_output_graph_puma.py;exp_GE_50;graph_GE_50_1_50_50_275;output_exact.csv;
277;mlst_exact_output_graph_puma.py;exp_GE_50;graph_GE_50_1_50_50_276;output_exact.csv;
278;mlst_exact_output_graph_puma.py;exp_GE_50;graph_GE_50_1_50_50_277;output_exact.csv;
279;mlst_exact_output_graph_puma.py;exp_GE_50;graph_GE_50_1_50_50_278;output_exact.csv;
280;mlst_exact_output_graph_puma.py;exp_GE_50;graph_GE_50_1_50_50_279;output_exact.csv;
281;mlst_exact_output_graph_puma.py;exp_GE_50;graph_GE_50_1_50_50_280;output_exact.csv;
282;mlst_exact_output_graph_puma.py;exp_GE_50;graph_GE_50_1_50_50_281;output_exact.csv;
283;mlst_exact_output_graph_puma.py;exp_GE_50;graph_GE_50_1_50_50_282;output_exact.csv;
284;mlst_exact_output_graph_puma.py;exp_GE_50;graph_GE_50_1_50_50_283;output_exact.csv;
285;mlst_exact_output_graph_puma.py;exp_GE_50;graph_GE_50_1_50_50_284;output_exact.csv;
286;mlst_exact_output_graph_puma.py;exp_GE_50;graph_GE_50_1_50_50_285;output_exact.csv;
287;mlst_exact_output_graph_puma.py;exp_GE_50;graph_GE_50_1_50_50_286;output_exact.csv;
288;mlst_exact_output_graph_puma.py;exp_GE_50;graph_GE_50_1_50_50_287;output_exact.csv;
289;mlst_exact_output_graph_puma.py;exp_GE_50;graph_GE_50_1_50_50_288;output_exact.csv;
290;mlst_exact_output_graph_puma.py;exp_GE_50;graph_GE_50_1_50_50_289;output_exact.csv;
291;mlst_exact_output_graph_puma.py;exp_GE_50;graph_GE_50_1_50_50_290;output_exact.csv;
292;mlst_exact_output_graph_puma.py;exp_GE_50;graph_GE_50_1_50_50_291;output_exact.csv;
293;mlst_exact_output_graph_puma.py;exp_GE_50;graph_GE_50_1_50_50_292;output_exact.csv;
294;mlst_exact_output_graph_puma.py;exp_GE_50;graph_GE_50_1_50_50_293;output_exact.csv;
295;mlst_exact_output_graph_puma.py;exp_GE_50;graph_GE_50_1_50_50_294;output_exact.csv;
296;mlst_exact_output_graph_puma.py;exp_GE_50;graph_GE_50_1_50_50_295;output_exact.csv;
297;mlst_exact_output_graph_puma.py;exp_GE_50;graph_GE_50_1_50_50_296;output_exact.csv;
298;mlst_exact_output_graph_puma.py;exp_GE_50;graph_GE_50_1_50_50_297;output_exact.csv;
299;mlst_exact_output_graph_puma.py;exp_GE_50;graph_GE_50_1_50_50_298;output_exact.csv;
300;mlst_exact_output_graph_puma.py;exp_GE_50;graph_GE_50_1_50_50_299;output_exact.csv;
301;mlst_exact_output_graph_puma.py;exp_GE_50;graph_GE_50_1_50_50_300;output_exact.csv;
302;mlst_exact_output_graph_puma.py;exp_GE_50;graph_GE_50_1_50_50_301;output_exact.csv;
303;mlst_exact_output_graph_puma.py;exp_GE_50;graph_GE_50_1_50_50_302;output_exact.csv;
304;mlst_exact_output_graph_puma.py;exp_GE_50;graph_GE_50_1_50_50_303;output_exact.csv;
305;mlst_exact_output_graph_puma.py;exp_GE_50;graph_GE_50_1_50_50_304;output_exact.csv;
306;mlst_exact_output_graph_puma.py;exp_GE_50;graph_GE_50_1_50_50_305;output_exact.csv;
307;mlst_exact_output_graph_puma.py;exp_GE_50;graph_GE_50_1_50_50_306;output_exact.csv;
308;mlst_exact_output_graph_puma.py;exp_GE_50;graph_GE_50_1_50_50_307;output_exact.csv;
309;mlst_exact_output_graph_puma.py;exp_GE_50;graph_GE_50_1_50_50_308;output_exact.csv;
310;mlst_exact_output_graph_puma.py;exp_GE_50;graph_GE_50_1_50_50_309;output_exact.csv;
311;mlst_exact_output_graph_puma.py;exp_GE_50;graph_GE_50_1_50_50_310;output_exact.csv;
312;mlst_exact_output_graph_puma.py;exp_GE_50;graph_GE_50_1_50_50_311;output_exact.csv;
313;mlst_exact_output_graph_puma.py;exp_GE_50;graph_GE_50_1_50_50_312;output_exact.csv;
314;mlst_exact_output_graph_puma.py;exp_GE_50;graph_GE_50_1_50_50_313;output_exact.csv;
315;mlst_exact_output_graph_puma.py;exp_GE_50;graph_GE_50_1_50_50_314;output_exact.csv;
316;mlst_exact_output_graph_puma.py;exp_GE_50;graph_GE_50_1_50_50_315;output_exact.csv;
317;mlst_exact_output_graph_puma.py;exp_GE_50;graph_GE_50_1_50_50_316;output_exact.csv;
318;mlst_exact_output_graph_puma.py;exp_GE_50;graph_GE_50_1_50_50_317;output_exact.csv;
319;mlst_exact_output_graph_puma.py;exp_GE_50;graph_GE_50_1_50_50_318;output_exact.csv;
320;mlst_exact_output_graph_puma.py;exp_GE_50;graph_GE_50_1_50_50_319;output_exact.csv;
321;mlst_exact_output_graph_puma.py;exp_GE_50;graph_GE_50_1_50_50_320;output_exact.csv;
322;mlst_exact_output_graph_puma.py;exp_GE_50;graph_GE_50_1_50_50_321;output_exact.csv;
323;mlst_exact_output_graph_puma.py;exp_GE_50;graph_GE_50_1_50_50_322;output_exact.csv;
324;mlst_exact_output_graph_puma.py;exp_GE_50;graph_GE_50_1_50_50_323;output_exact.csv;
325;mlst_exact_output_graph_puma.py;exp_GE_50;graph_GE_50_1_50_50_324;output_exact.csv;
326;mlst_exact_output_graph_puma.py;exp_GE_50;graph_GE_50_1_50_50_325;output_exact.csv;
327;mlst_exact_output_graph_puma.py;exp_GE_50;graph_GE_50_1_50_50_326;output_exact.csv;
328;mlst_exact_output_graph_puma.py;exp_GE_50;graph_GE_50_1_50_50_327;output_exact.csv;
329;mlst_exact_output_graph_puma.py;exp_GE_50;graph_GE_50_1_50_50_328;output_exact.csv;
330;mlst_exact_output_graph_puma.py;exp_GE_50;graph_GE_50_1_50_50_329;output_exact.csv;
331;mlst_exact_output_graph_puma.py;exp_GE_50;graph_GE_50_1_50_50_330;output_exact.csv;
332;mlst_exact_output_graph_puma.py;exp_GE_50;graph_GE_50_1_50_50_331;output_exact.csv;
333;mlst_exact_output_graph_puma.py;exp_GE_50;graph_GE_50_1_50_50_332;output_exact.csv;
334;mlst_exact_output_graph_puma.py;exp_GE_50;graph_GE_50_1_50_50_333;output_exact.csv;
335;mlst_exact_output_graph_puma.py;exp_GE_50;graph_GE_50_1_50_50_334;output_exact.csv;
336;mlst_exact_output_graph_puma.py;exp_GE_50;graph_GE_50_1_50_50_335;output_exact.csv;
337;mlst_exact_output_graph_puma.py;exp_GE_50;graph_GE_50_1_50_50_336;output_exact.csv;
338;mlst_exact_output_graph_puma.py;exp_GE_50;graph_GE_50_1_50_50_337;output_exact.csv;
339;mlst_exact_output_graph_puma.py;exp_GE_50;graph_GE_50_1_50_50_338;output_exact.csv;
340;mlst_exact_output_graph_puma.py;exp_GE_50;graph_GE_50_1_50_50_339;output_exact.csv;
341;mlst_exact_output_graph_puma.py;exp_GE_50;graph_GE_50_1_50_50_340;output_exact.csv;
342;mlst_exact_output_graph_puma.py;exp_GE_50;graph_GE_50_1_50_50_341;output_exact.csv;
343;mlst_exact_output_graph_puma.py;exp_GE_50;graph_GE_50_1_50_50_342;output_exact.csv;
344;mlst_exact_output_graph_puma.py;exp_GE_50;graph_GE_50_1_50_50_343;output_exact.csv;
345;mlst_exact_output_graph_puma.py;exp_GE_50;graph_GE_50_1_50_50_344;output_exact.csv;
346;mlst_exact_output_graph_puma.py;exp_GE_50;graph_GE_50_1_50_50_345;output_exact.csv;
347;mlst_exact_output_graph_puma.py;exp_GE_50;graph_GE_50_1_50_50_346;output_exact.csv;
348;mlst_exact_output_graph_puma.py;exp_GE_50;graph_GE_50_1_50_50_347;output_exact.csv;
349;mlst_exact_output_graph_puma.py;exp_GE_50;graph_GE_50_1_50_50_348;output_exact.csv;
350;mlst_exact_output_graph_puma.py;exp_GE_50;graph_GE_50_1_50_50_349;output_exact.csv;
351;mlst_exact_output_graph_puma.py;exp_GE_50;graph_GE_50_1_50_50_350;output_exact.csv;
352;mlst_exact_output_graph_puma.py;exp_GE_50;graph_GE_50_1_50_50_351;output_exact.csv;
353;mlst_exact_output_graph_puma.py;exp_GE_50;graph_GE_50_1_50_50_352;output_exact.csv;
354;mlst_exact_output_graph_puma.py;exp_GE_50;graph_GE_50_1_50_50_353;output_exact.csv;
355;mlst_exact_output_graph_puma.py;exp_GE_50;graph_GE_50_1_50_50_354;output_exact.csv;
356;mlst_exact_output_graph_puma.py;exp_GE_50;graph_GE_50_1_50_50_355;output_exact.csv;
357;mlst_exact_output_graph_puma.py;exp_GE_50;graph_GE_50_1_50_50_356;output_exact.csv;
358;mlst_exact_output_graph_puma.py;exp_GE_50;graph_GE_50_1_50_50_357;output_exact.csv;
359;mlst_exact_output_graph_puma.py;exp_GE_50;graph_GE_50_1_50_50_358;output_exact.csv;
360;mlst_exact_output_graph_puma.py;exp_GE_50;graph_GE_50_1_50_50_359;output_exact.csv;
361;mlst_exact_output_graph_puma.py;exp_GE_50;graph_GE_50_1_50_50_360;output_exact.csv;
362;mlst_exact_output_graph_puma.py;exp_GE_50;graph_GE_50_1_50_50_361;output_exact.csv;
363;mlst_exact_output_graph_puma.py;exp_GE_50;graph_GE_50_1_50_50_362;output_exact.csv;
364;mlst_exact_output_graph_puma.py;exp_GE_50;graph_GE_50_1_50_50_363;output_exact.csv;
365;mlst_exact_output_graph_puma.py;exp_GE_50;graph_GE_50_1_50_50_364;output_exact.csv;
366;mlst_exact_output_graph_puma.py;exp_GE_50;graph_GE_50_1_50_50_365;output_exact.csv;
367;mlst_exact_output_graph_puma.py;exp_GE_50;graph_GE_50_1_50_50_366;output_exact.csv;
368;mlst_exact_output_graph_puma.py;exp_GE_50;graph_GE_50_1_50_50_367;output_exact.csv;
369;mlst_exact_output_graph_puma.py;exp_GE_50;graph_GE_50_1_50_50_368;output_exact.csv;
370;mlst_exact_output_graph_puma.py;exp_GE_50;graph_GE_50_1_50_50_369;output_exact.csv;
371;mlst_exact_output_graph_puma.py;exp_GE_50;graph_GE_50_1_50_50_370;output_exact.csv;
372;mlst_exact_output_graph_puma.py;exp_GE_50;graph_GE_50_1_50_50_371;output_exact.csv;
373;mlst_exact_output_graph_puma.py;exp_GE_50;graph_GE_50_1_50_50_372;output_exact.csv;
374;mlst_exact_output_graph_puma.py;exp_GE_50;graph_GE_50_1_50_50_373;output_exact.csv;
375;mlst_exact_output_graph_puma.py;exp_GE_50;graph_GE_50_1_50_50_374;output_exact.csv;
376;mlst_exact_output_graph_puma.py;exp_GE_50;graph_GE_50_1_50_50_375;output_exact.csv;
377;mlst_exact_output_graph_puma.py;exp_GE_50;graph_GE_50_1_50_50_376;output_exact.csv;
378;mlst_exact_output_graph_puma.py;exp_GE_50;graph_GE_50_1_50_50_377;output_exact.csv;
379;mlst_exact_output_graph_puma.py;exp_GE_50;graph_GE_50_1_50_50_378;output_exact.csv;
380;mlst_exact_output_graph_puma.py;exp_GE_50;graph_GE_50_1_50_50_379;output_exact.csv;
381;mlst_exact_output_graph_puma.py;exp_GE_50;graph_GE_50_1_50_50_380;output_exact.csv;
382;mlst_exact_output_graph_puma.py;exp_GE_50;graph_GE_50_1_50_50_381;output_exact.csv;
383;mlst_exact_output_graph_puma.py;exp_GE_50;graph_GE_50_1_50_50_382;output_exact.csv;
384;mlst_exact_output_graph_puma.py;exp_GE_50;graph_GE_50_1_50_50_383;output_exact.csv;
385;mlst_exact_output_graph_puma.py;exp_GE_50;graph_GE_50_1_50_50_384;output_exact.csv;
386;mlst_exact_output_graph_puma.py;exp_GE_50;graph_GE_50_1_50_50_385;output_exact.csv;
387;mlst_exact_output_graph_puma.py;exp_GE_50;graph_GE_50_1_50_50_386;output_exact.csv;
388;mlst_exact_output_graph_puma.py;exp_GE_50;graph_GE_50_1_50_50_387;output_exact.csv;
389;mlst_exact_output_graph_puma.py;exp_GE_50;graph_GE_50_1_50_50_388;output_exact.csv;
390;mlst_exact_output_graph_puma.py;exp_GE_50;graph_GE_50_1_50_50_389;output_exact.csv;
391;mlst_exact_output_graph_puma.py;exp_GE_50;graph_GE_50_1_50_50_390;output_exact.csv;
392;mlst_exact_output_graph_puma.py;exp_GE_50;graph_GE_50_1_50_50_391;output_exact.csv;
393;mlst_exact_output_graph_puma.py;exp_GE_50;graph_GE_50_1_50_50_392;output_exact.csv;
394;mlst_exact_output_graph_puma.py;exp_GE_50;graph_GE_50_1_50_50_393;output_exact.csv;
395;mlst_exact_output_graph_puma.py;exp_GE_50;graph_GE_50_1_50_50_394;output_exact.csv;
396;mlst_exact_output_graph_puma.py;exp_GE_50;graph_GE_50_1_50_50_395;output_exact.csv;
397;mlst_exact_output_graph_puma.py;exp_GE_50;graph_GE_50_1_50_50_396;output_exact.csv;
398;mlst_exact_output_graph_puma.py;exp_GE_50;graph_GE_50_1_50_50_397;output_exact.csv;
399;mlst_exact_output_graph_puma.py;exp_GE_50;graph_GE_50_1_50_50_398;output_exact.csv;
400;mlst_exact_output_graph_puma.py;exp_GE_50;graph_GE_50_1_50_50_399;output_exact.csv;
