1;mlst_cmp.py;exp_GE_50;graph_GE_50_1_50_50_0;output_kruskal.csv;
2;mlst_cmp.py;exp_GE_50;graph_GE_50_1_50_50_1;output_kruskal.csv;
3;mlst_cmp.py;exp_GE_50;graph_GE_50_1_50_50_2;output_kruskal.csv;
4;mlst_cmp.py;exp_GE_50;graph_GE_50_1_50_50_3;output_kruskal.csv;
5;mlst_cmp.py;exp_GE_50;graph_GE_50_1_50_50_4;output_kruskal.csv;
6;mlst_cmp.py;exp_GE_50;graph_GE_50_1_50_50_5;output_kruskal.csv;
7;mlst_cmp.py;exp_GE_50;graph_GE_50_1_50_50_6;output_kruskal.csv;
8;mlst_cmp.py;exp_GE_50;graph_GE_50_1_50_50_7;output_kruskal.csv;
9;mlst_cmp.py;exp_GE_50;graph_GE_50_1_50_50_8;output_kruskal.csv;
10;mlst_cmp.py;exp_GE_50;graph_GE_50_1_50_50_9;output_kruskal.csv;
11;mlst_cmp.py;exp_GE_50;graph_GE_50_1_50_50_10;output_kruskal.csv;
12;mlst_cmp.py;exp_GE_50;graph_GE_50_1_50_50_11;output_kruskal.csv;
13;mlst_cmp.py;exp_GE_50;graph_GE_50_1_50_50_12;output_kruskal.csv;
14;mlst_cmp.py;exp_GE_50;graph_GE_50_1_50_50_13;output_kruskal.csv;
15;mlst_cmp.py;exp_GE_50;graph_GE_50_1_50_50_14;output_kruskal.csv;
16;mlst_cmp.py;exp_GE_50;graph_GE_50_1_50_50_15;output_kruskal.csv;
17;mlst_cmp.py;exp_GE_50;graph_GE_50_1_50_50_16;output_kruskal.csv;
18;mlst_cmp.py;exp_GE_50;graph_GE_50_1_50_50_17;output_kruskal.csv;
19;mlst_cmp.py;exp_GE_50;graph_GE_50_1_50_50_18;output_kruskal.csv;
20;mlst_cmp.py;exp_GE_50;graph_GE_50_1_50_50_19;output_kruskal.csv;
21;mlst_cmp.py;exp_GE_50;graph_GE_50_1_50_50_20;output_kruskal.csv;
22;mlst_cmp.py;exp_GE_50;graph_GE_50_1_50_50_21;output_kruskal.csv;
23;mlst_cmp.py;exp_GE_50;graph_GE_50_1_50_50_22;output_kruskal.csv;
24;mlst_cmp.py;exp_GE_50;graph_GE_50_1_50_50_23;output_kruskal.csv;
25;mlst_cmp.py;exp_GE_50;graph_GE_50_1_50_50_24;output_kruskal.csv;
26;mlst_cmp.py;exp_GE_50;graph_GE_50_1_50_50_25;output_kruskal.csv;
27;mlst_cmp.py;exp_GE_50;graph_GE_50_1_50_50_26;output_kruskal.csv;
28;mlst_cmp.py;exp_GE_50;graph_GE_50_1_50_50_27;output_kruskal.csv;
29;mlst_cmp.py;exp_GE_50;graph_GE_50_1_50_50_28;output_kruskal.csv;
30;mlst_cmp.py;exp_GE_50;graph_GE_50_1_50_50_29;output_kruskal.csv;
31;mlst_cmp.py;exp_GE_50;graph_GE_50_1_50_50_30;output_kruskal.csv;
32;mlst_cmp.py;exp_GE_50;graph_GE_50_1_50_50_31;output_kruskal.csv;
33;mlst_cmp.py;exp_GE_50;graph_GE_50_1_50_50_32;output_kruskal.csv;
34;mlst_cmp.py;exp_GE_50;graph_GE_50_1_50_50_33;output_kruskal.csv;
35;mlst_cmp.py;exp_GE_50;graph_GE_50_1_50_50_34;output_kruskal.csv;
36;mlst_cmp.py;exp_GE_50;graph_GE_50_1_50_50_35;output_kruskal.csv;
37;mlst_cmp.py;exp_GE_50;graph_GE_50_1_50_50_36;output_kruskal.csv;
38;mlst_cmp.py;exp_GE_50;graph_GE_50_1_50_50_37;output_kruskal.csv;
39;mlst_cmp.py;exp_GE_50;graph_GE_50_1_50_50_38;output_kruskal.csv;
40;mlst_cmp.py;exp_GE_50;graph_GE_50_1_50_50_39;output_kruskal.csv;
41;mlst_cmp.py;exp_GE_50;graph_GE_50_1_50_50_40;output_kruskal.csv;
42;mlst_cmp.py;exp_GE_50;graph_GE_50_1_50_50_41;output_kruskal.csv;
43;mlst_cmp.py;exp_GE_50;graph_GE_50_1_50_50_42;output_kruskal.csv;
44;mlst_cmp.py;exp_GE_50;graph_GE_50_1_50_50_43;output_kruskal.csv;
45;mlst_cmp.py;exp_GE_50;graph_GE_50_1_50_50_44;output_kruskal.csv;
46;mlst_cmp.py;exp_GE_50;graph_GE_50_1_50_50_45;output_kruskal.csv;
47;mlst_cmp.py;exp_GE_50;graph_GE_50_1_50_50_46;output_kruskal.csv;
48;mlst_cmp.py;exp_GE_50;graph_GE_50_1_50_50_47;output_kruskal.csv;
49;mlst_cmp.py;exp_GE_50;graph_GE_50_1_50_50_48;output_kruskal.csv;
50;mlst_cmp.py;exp_GE_50;graph_GE_50_1_50_50_49;output_kruskal.csv;
51;mlst_cmp.py;exp_GE_50;graph_GE_50_1_50_50_50;output_kruskal.csv;
52;mlst_cmp.py;exp_GE_50;graph_GE_50_1_50_50_51;output_kruskal.csv;
53;mlst_cmp.py;exp_GE_50;graph_GE_50_1_50_50_52;output_kruskal.csv;
54;mlst_cmp.py;exp_GE_50;graph_GE_50_1_50_50_53;output_kruskal.csv;
55;mlst_cmp.py;exp_GE_50;graph_GE_50_1_50_50_54;output_kruskal.csv;
56;mlst_cmp.py;exp_GE_50;graph_GE_50_1_50_50_55;output_kruskal.csv;
57;mlst_cmp.py;exp_GE_50;graph_GE_50_1_50_50_56;output_kruskal.csv;
58;mlst_cmp.py;exp_GE_50;graph_GE_50_1_50_50_57;output_kruskal.csv;
59;mlst_cmp.py;exp_GE_50;graph_GE_50_1_50_50_58;output_kruskal.csv;
60;mlst_cmp.py;exp_GE_50;graph_GE_50_1_50_50_59;output_kruskal.csv;
61;mlst_cmp.py;exp_GE_50;graph_GE_50_1_50_50_60;output_kruskal.csv;
62;mlst_cmp.py;exp_GE_50;graph_GE_50_1_50_50_61;output_kruskal.csv;
63;mlst_cmp.py;exp_GE_50;graph_GE_50_1_50_50_62;output_kruskal.csv;
64;mlst_cmp.py;exp_GE_50;graph_GE_50_1_50_50_63;output_kruskal.csv;
65;mlst_cmp.py;exp_GE_50;graph_GE_50_1_50_50_64;output_kruskal.csv;
66;mlst_cmp.py;exp_GE_50;graph_GE_50_1_50_50_65;output_kruskal.csv;
67;mlst_cmp.py;exp_GE_50;graph_GE_50_1_50_50_66;output_kruskal.csv;
68;mlst_cmp.py;exp_GE_50;graph_GE_50_1_50_50_67;output_kruskal.csv;
69;mlst_cmp.py;exp_GE_50;graph_GE_50_1_50_50_68;output_kruskal.csv;
70;mlst_cmp.py;exp_GE_50;graph_GE_50_1_50_50_69;output_kruskal.csv;
71;mlst_cmp.py;exp_GE_50;graph_GE_50_1_50_50_70;output_kruskal.csv;
72;mlst_cmp.py;exp_GE_50;graph_GE_50_1_50_50_71;output_kruskal.csv;
73;mlst_cmp.py;exp_GE_50;graph_GE_50_1_50_50_72;output_kruskal.csv;
74;mlst_cmp.py;exp_GE_50;graph_GE_50_1_50_50_73;output_kruskal.csv;
75;mlst_cmp.py;exp_GE_50;graph_GE_50_1_50_50_74;output_kruskal.csv;
76;mlst_cmp.py;exp_GE_50;graph_GE_50_1_50_50_75;output_kruskal.csv;
77;mlst_cmp.py;exp_GE_50;graph_GE_50_1_50_50_76;output_kruskal.csv;
78;mlst_cmp.py;exp_GE_50;graph_GE_50_1_50_50_77;output_kruskal.csv;
79;mlst_cmp.py;exp_GE_50;graph_GE_50_1_50_50_78;output_kruskal.csv;
80;mlst_cmp.py;exp_GE_50;graph_GE_50_1_50_50_79;output_kruskal.csv;
81;mlst_cmp.py;exp_GE_50;graph_GE_50_1_50_50_80;output_kruskal.csv;
82;mlst_cmp.py;exp_GE_50;graph_GE_50_1_50_50_81;output_kruskal.csv;
83;mlst_cmp.py;exp_GE_50;graph_GE_50_1_50_50_82;output_kruskal.csv;
84;mlst_cmp.py;exp_GE_50;graph_GE_50_1_50_50_83;output_kruskal.csv;
85;mlst_cmp.py;exp_GE_50;graph_GE_50_1_50_50_84;output_kruskal.csv;
86;mlst_cmp.py;exp_GE_50;graph_GE_50_1_50_50_85;output_kruskal.csv;
87;mlst_cmp.py;exp_GE_50;graph_GE_50_1_50_50_86;output_kruskal.csv;
88;mlst_cmp.py;exp_GE_50;graph_GE_50_1_50_50_87;output_kruskal.csv;
89;mlst_cmp.py;exp_GE_50;graph_GE_50_1_50_50_88;output_kruskal.csv;
90;mlst_cmp.py;exp_GE_50;graph_GE_50_1_50_50_89;output_kruskal.csv;
91;mlst_cmp.py;exp_GE_50;graph_GE_50_1_50_50_90;output_kruskal.csv;
92;mlst_cmp.py;exp_GE_50;graph_GE_50_1_50_50_91;output_kruskal.csv;
93;mlst_cmp.py;exp_GE_50;graph_GE_50_1_50_50_92;output_kruskal.csv;
94;mlst_cmp.py;exp_GE_50;graph_GE_50_1_50_50_93;output_kruskal.csv;
95;mlst_cmp.py;exp_GE_50;graph_GE_50_1_50_50_94;output_kruskal.csv;
96;mlst_cmp.py;exp_GE_50;graph_GE_50_1_50_50_95;output_kruskal.csv;
97;mlst_cmp.py;exp_GE_50;graph_GE_50_1_50_50_96;output_kruskal.csv;
98;mlst_cmp.py;exp_GE_50;graph_GE_50_1_50_50_97;output_kruskal.csv;
99;mlst_cmp.py;exp_GE_50;graph_GE_50_1_50_50_98;output_kruskal.csv;
100;mlst_cmp.py;exp_GE_50;graph_GE_50_1_50_50_99;output_kruskal.csv;
101;mlst_cmp.py;exp_GE_50;graph_GE_50_1_50_50_100;output_kruskal.csv;
102;mlst_cmp.py;exp_GE_50;graph_GE_50_1_50_50_101;output_kruskal.csv;
103;mlst_cmp.py;exp_GE_50;graph_GE_50_1_50_50_102;output_kruskal.csv;
104;mlst_cmp.py;exp_GE_50;graph_GE_50_1_50_50_103;output_kruskal.csv;
105;mlst_cmp.py;exp_GE_50;graph_GE_50_1_50_50_104;output_kruskal.csv;
106;mlst_cmp.py;exp_GE_50;graph_GE_50_1_50_50_105;output_kruskal.csv;
107;mlst_cmp.py;exp_GE_50;graph_GE_50_1_50_50_106;output_kruskal.csv;
108;mlst_cmp.py;exp_GE_50;graph_GE_50_1_50_50_107;output_kruskal.csv;
109;mlst_cmp.py;exp_GE_50;graph_GE_50_1_50_50_108;output_kruskal.csv;
110;mlst_cmp.py;exp_GE_50;graph_GE_50_1_50_50_109;output_kruskal.csv;
111;mlst_cmp.py;exp_GE_50;graph_GE_50_1_50_50_110;output_kruskal.csv;
112;mlst_cmp.py;exp_GE_50;graph_GE_50_1_50_50_111;output_kruskal.csv;
113;mlst_cmp.py;exp_GE_50;graph_GE_50_1_50_50_112;output_kruskal.csv;
114;mlst_cmp.py;exp_GE_50;graph_GE_50_1_50_50_113;output_kruskal.csv;
115;mlst_cmp.py;exp_GE_50;graph_GE_50_1_50_50_114;output_kruskal.csv;
116;mlst_cmp.py;exp_GE_50;graph_GE_50_1_50_50_115;output_kruskal.csv;
117;mlst_cmp.py;exp_GE_50;graph_GE_50_1_50_50_116;output_kruskal.csv;
118;mlst_cmp.py;exp_GE_50;graph_GE_50_1_50_50_117;output_kruskal.csv;
119;mlst_cmp.py;exp_GE_50;graph_GE_50_1_50_50_118;output_kruskal.csv;
120;mlst_cmp.py;exp_GE_50;graph_GE_50_1_50_50_119;output_kruskal.csv;
121;mlst_cmp.py;exp_GE_50;graph_GE_50_1_50_50_120;output_kruskal.csv;
122;mlst_cmp.py;exp_GE_50;graph_GE_50_1_50_50_121;output_kruskal.csv;
123;mlst_cmp.py;exp_GE_50;graph_GE_50_1_50_50_122;output_kruskal.csv;
124;mlst_cmp.py;exp_GE_50;graph_GE_50_1_50_50_123;output_kruskal.csv;
125;mlst_cmp.py;exp_GE_50;graph_GE_50_1_50_50_124;output_kruskal.csv;
126;mlst_cmp.py;exp_GE_50;graph_GE_50_1_50_50_125;output_kruskal.csv;
127;mlst_cmp.py;exp_GE_50;graph_GE_50_1_50_50_126;output_kruskal.csv;
128;mlst_cmp.py;exp_GE_50;graph_GE_50_1_50_50_127;output_kruskal.csv;
129;mlst_cmp.py;exp_GE_50;graph_GE_50_1_50_50_128;output_kruskal.csv;
130;mlst_cmp.py;exp_GE_50;graph_GE_50_1_50_50_129;output_kruskal.csv;
131;mlst_cmp.py;exp_GE_50;graph_GE_50_1_50_50_130;output_kruskal.csv;
132;mlst_cmp.py;exp_GE_50;graph_GE_50_1_50_50_131;output_kruskal.csv;
133;mlst_cmp.py;exp_GE_50;graph_GE_50_1_50_50_132;output_kruskal.csv;
134;mlst_cmp.py;exp_GE_50;graph_GE_50_1_50_50_133;output_kruskal.csv;
135;mlst_cmp.py;exp_GE_50;graph_GE_50_1_50_50_134;output_kruskal.csv;
136;mlst_cmp.py;exp_GE_50;graph_GE_50_1_50_50_135;output_kruskal.csv;
137;mlst_cmp.py;exp_GE_50;graph_GE_50_1_50_50_136;output_kruskal.csv;
138;mlst_cmp.py;exp_GE_50;graph_GE_50_1_50_50_137;output_kruskal.csv;
139;mlst_cmp.py;exp_GE_50;graph_GE_50_1_50_50_138;output_kruskal.csv;
140;mlst_cmp.py;exp_GE_50;graph_GE_50_1_50_50_139;output_kruskal.csv;
141;mlst_cmp.py;exp_GE_50;graph_GE_50_1_50_50_140;output_kruskal.csv;
142;mlst_cmp.py;exp_GE_50;graph_GE_50_1_50_50_141;output_kruskal.csv;
143;mlst_cmp.py;exp_GE_50;graph_GE_50_1_50_50_142;output_kruskal.csv;
144;mlst_cmp.py;exp_GE_50;graph_GE_50_1_50_50_143;output_kruskal.csv;
145;mlst_cmp.py;exp_GE_50;graph_GE_50_1_50_50_144;output_kruskal.csv;
146;mlst_cmp.py;exp_GE_50;graph_GE_50_1_50_50_145;output_kruskal.csv;
147;mlst_cmp.py;exp_GE_50;graph_GE_50_1_50_50_146;output_kruskal.csv;
148;mlst_cmp.py;exp_GE_50;graph_GE_50_1_50_50_147;output_kruskal.csv;
149;mlst_cmp.py;exp_GE_50;graph_GE_50_1_50_50_148;output_kruskal.csv;
150;mlst_cmp.py;exp_GE_50;graph_GE_50_1_50_50_149;output_kruskal.csv;
151;mlst_cmp.py;exp_GE_50;graph_GE_50_1_50_50_150;output_kruskal.csv;
152;mlst_cmp.py;exp_GE_50;graph_GE_50_1_50_50_151;output_kruskal.csv;
153;mlst_cmp.py;exp_GE_50;graph_GE_50_1_50_50_152;output_kruskal.csv;
154;mlst_cmp.py;exp_GE_50;graph_GE_50_1_50_50_153;output_kruskal.csv;
155;mlst_cmp.py;exp_GE_50;graph_GE_50_1_50_50_154;output_kruskal.csv;
156;mlst_cmp.py;exp_GE_50;graph_GE_50_1_50_50_155;output_kruskal.csv;
157;mlst_cmp.py;exp_GE_50;graph_GE_50_1_50_50_156;output_kruskal.csv;
158;mlst_cmp.py;exp_GE_50;graph_GE_50_1_50_50_157;output_kruskal.csv;
159;mlst_cmp.py;exp_GE_50;graph_GE_50_1_50_50_158;output_kruskal.csv;
160;mlst_cmp.py;exp_GE_50;graph_GE_50_1_50_50_159;output_kruskal.csv;
161;mlst_cmp.py;exp_GE_50;graph_GE_50_1_50_50_160;output_kruskal.csv;
162;mlst_cmp.py;exp_GE_50;graph_GE_50_1_50_50_161;output_kruskal.csv;
163;mlst_cmp.py;exp_GE_50;graph_GE_50_1_50_50_162;output_kruskal.csv;
164;mlst_cmp.py;exp_GE_50;graph_GE_50_1_50_50_163;output_kruskal.csv;
165;mlst_cmp.py;exp_GE_50;graph_GE_50_1_50_50_164;output_kruskal.csv;
166;mlst_cmp.py;exp_GE_50;graph_GE_50_1_50_50_165;output_kruskal.csv;
167;mlst_cmp.py;exp_GE_50;graph_GE_50_1_50_50_166;output_kruskal.csv;
168;mlst_cmp.py;exp_GE_50;graph_GE_50_1_50_50_167;output_kruskal.csv;
169;mlst_cmp.py;exp_GE_50;graph_GE_50_1_50_50_168;output_kruskal.csv;
170;mlst_cmp.py;exp_GE_50;graph_GE_50_1_50_50_169;output_kruskal.csv;
171;mlst_cmp.py;exp_GE_50;graph_GE_50_1_50_50_170;output_kruskal.csv;
172;mlst_cmp.py;exp_GE_50;graph_GE_50_1_50_50_171;output_kruskal.csv;
173;mlst_cmp.py;exp_GE_50;graph_GE_50_1_50_50_172;output_kruskal.csv;
174;mlst_cmp.py;exp_GE_50;graph_GE_50_1_50_50_173;output_kruskal.csv;
175;mlst_cmp.py;exp_GE_50;graph_GE_50_1_50_50_174;output_kruskal.csv;
176;mlst_cmp.py;exp_GE_50;graph_GE_50_1_50_50_175;output_kruskal.csv;
177;mlst_cmp.py;exp_GE_50;graph_GE_50_1_50_50_176;output_kruskal.csv;
178;mlst_cmp.py;exp_GE_50;graph_GE_50_1_50_50_177;output_kruskal.csv;
179;mlst_cmp.py;exp_GE_50;graph_GE_50_1_50_50_178;output_kruskal.csv;
180;mlst_cmp.py;exp_GE_50;graph_GE_50_1_50_50_179;output_kruskal.csv;
181;mlst_cmp.py;exp_GE_50;graph_GE_50_1_50_50_180;output_kruskal.csv;
182;mlst_cmp.py;exp_GE_50;graph_GE_50_1_50_50_181;output_kruskal.csv;
183;mlst_cmp.py;exp_GE_50;graph_GE_50_1_50_50_182;output_kruskal.csv;
184;mlst_cmp.py;exp_GE_50;graph_GE_50_1_50_50_183;output_kruskal.csv;
185;mlst_cmp.py;exp_GE_50;graph_GE_50_1_50_50_184;output_kruskal.csv;
186;mlst_cmp.py;exp_GE_50;graph_GE_50_1_50_50_185;output_kruskal.csv;
187;mlst_cmp.py;exp_GE_50;graph_GE_50_1_50_50_186;output_kruskal.csv;
188;mlst_cmp.py;exp_GE_50;graph_GE_50_1_50_50_187;output_kruskal.csv;
189;mlst_cmp.py;exp_GE_50;graph_GE_50_1_50_50_188;output_kruskal.csv;
190;mlst_cmp.py;exp_GE_50;graph_GE_50_1_50_50_189;output_kruskal.csv;
191;mlst_cmp.py;exp_GE_50;graph_GE_50_1_50_50_190;output_kruskal.csv;
192;mlst_cmp.py;exp_GE_50;graph_GE_50_1_50_50_191;output_kruskal.csv;
193;mlst_cmp.py;exp_GE_50;graph_GE_50_1_50_50_192;output_kruskal.csv;
194;mlst_cmp.py;exp_GE_50;graph_GE_50_1_50_50_193;output_kruskal.csv;
195;mlst_cmp.py;exp_GE_50;graph_GE_50_1_50_50_194;output_kruskal.csv;
196;mlst_cmp.py;exp_GE_50;graph_GE_50_1_50_50_195;output_kruskal.csv;
197;mlst_cmp.py;exp_GE_50;graph_GE_50_1_50_50_196;output_kruskal.csv;
198;mlst_cmp.py;exp_GE_50;graph_GE_50_1_50_50_197;output_kruskal.csv;
199;mlst_cmp.py;exp_GE_50;graph_GE_50_1_50_50_198;output_kruskal.csv;
200;mlst_cmp.py;exp_GE_50;graph_GE_50_1_50_50_199;output_kruskal.csv;
201;mlst_cmp.py;exp_GE_50;graph_GE_50_1_50_50_200;output_kruskal.csv;
202;mlst_cmp.py;exp_GE_50;graph_GE_50_1_50_50_201;output_kruskal.csv;
203;mlst_cmp.py;exp_GE_50;graph_GE_50_1_50_50_202;output_kruskal.csv;
204;mlst_cmp.py;exp_GE_50;graph_GE_50_1_50_50_203;output_kruskal.csv;
205;mlst_cmp.py;exp_GE_50;graph_GE_50_1_50_50_204;output_kruskal.csv;
206;mlst_cmp.py;exp_GE_50;graph_GE_50_1_50_50_205;output_kruskal.csv;
207;mlst_cmp.py;exp_GE_50;graph_GE_50_1_50_50_206;output_kruskal.csv;
208;mlst_cmp.py;exp_GE_50;graph_GE_50_1_50_50_207;output_kruskal.csv;
209;mlst_cmp.py;exp_GE_50;graph_GE_50_1_50_50_208;output_kruskal.csv;
210;mlst_cmp.py;exp_GE_50;graph_GE_50_1_50_50_209;output_kruskal.csv;
211;mlst_cmp.py;exp_GE_50;graph_GE_50_1_50_50_210;output_kruskal.csv;
212;mlst_cmp.py;exp_GE_50;graph_GE_50_1_50_50_211;output_kruskal.csv;
213;mlst_cmp.py;exp_GE_50;graph_GE_50_1_50_50_212;output_kruskal.csv;
214;mlst_cmp.py;exp_GE_50;graph_GE_50_1_50_50_213;output_kruskal.csv;
215;mlst_cmp.py;exp_GE_50;graph_GE_50_1_50_50_214;output_kruskal.csv;
216;mlst_cmp.py;exp_GE_50;graph_GE_50_1_50_50_215;output_kruskal.csv;
217;mlst_cmp.py;exp_GE_50;graph_GE_50_1_50_50_216;output_kruskal.csv;
218;mlst_cmp.py;exp_GE_50;graph_GE_50_1_50_50_217;output_kruskal.csv;
219;mlst_cmp.py;exp_GE_50;graph_GE_50_1_50_50_218;output_kruskal.csv;
220;mlst_cmp.py;exp_GE_50;graph_GE_50_1_50_50_219;output_kruskal.csv;
221;mlst_cmp.py;exp_GE_50;graph_GE_50_1_50_50_220;output_kruskal.csv;
222;mlst_cmp.py;exp_GE_50;graph_GE_50_1_50_50_221;output_kruskal.csv;
223;mlst_cmp.py;exp_GE_50;graph_GE_50_1_50_50_222;output_kruskal.csv;
224;mlst_cmp.py;exp_GE_50;graph_GE_50_1_50_50_223;output_kruskal.csv;
225;mlst_cmp.py;exp_GE_50;graph_GE_50_1_50_50_224;output_kruskal.csv;
226;mlst_cmp.py;exp_GE_50;graph_GE_50_1_50_50_225;output_kruskal.csv;
227;mlst_cmp.py;exp_GE_50;graph_GE_50_1_50_50_226;output_kruskal.csv;
228;mlst_cmp.py;exp_GE_50;graph_GE_50_1_50_50_227;output_kruskal.csv;
229;mlst_cmp.py;exp_GE_50;graph_GE_50_1_50_50_228;output_kruskal.csv;
230;mlst_cmp.py;exp_GE_50;graph_GE_50_1_50_50_229;output_kruskal.csv;
231;mlst_cmp.py;exp_GE_50;graph_GE_50_1_50_50_230;output_kruskal.csv;
232;mlst_cmp.py;exp_GE_50;graph_GE_50_1_50_50_231;output_kruskal.csv;
233;mlst_cmp.py;exp_GE_50;graph_GE_50_1_50_50_232;output_kruskal.csv;
234;mlst_cmp.py;exp_GE_50;graph_GE_50_1_50_50_233;output_kruskal.csv;
235;mlst_cmp.py;exp_GE_50;graph_GE_50_1_50_50_234;output_kruskal.csv;
236;mlst_cmp.py;exp_GE_50;graph_GE_50_1_50_50_235;output_kruskal.csv;
237;mlst_cmp.py;exp_GE_50;graph_GE_50_1_50_50_236;output_kruskal.csv;
238;mlst_cmp.py;exp_GE_50;graph_GE_50_1_50_50_237;output_kruskal.csv;
239;mlst_cmp.py;exp_GE_50;graph_GE_50_1_50_50_238;output_kruskal.csv;
240;mlst_cmp.py;exp_GE_50;graph_GE_50_1_50_50_239;output_kruskal.csv;
241;mlst_cmp.py;exp_GE_50;graph_GE_50_1_50_50_240;output_kruskal.csv;
242;mlst_cmp.py;exp_GE_50;graph_GE_50_1_50_50_241;output_kruskal.csv;
243;mlst_cmp.py;exp_GE_50;graph_GE_50_1_50_50_242;output_kruskal.csv;
244;mlst_cmp.py;exp_GE_50;graph_GE_50_1_50_50_243;output_kruskal.csv;
245;mlst_cmp.py;exp_GE_50;graph_GE_50_1_50_50_244;output_kruskal.csv;
246;mlst_cmp.py;exp_GE_50;graph_GE_50_1_50_50_245;output_kruskal.csv;
247;mlst_cmp.py;exp_GE_50;graph_GE_50_1_50_50_246;output_kruskal.csv;
248;mlst_cmp.py;exp_GE_50;graph_GE_50_1_50_50_247;output_kruskal.csv;
249;mlst_cmp.py;exp_GE_50;graph_GE_50_1_50_50_248;output_kruskal.csv;
250;mlst_cmp.py;exp_GE_50;graph_GE_50_1_50_50_249;output_kruskal.csv;
251;mlst_cmp.py;exp_GE_50;graph_GE_50_1_50_50_250;output_kruskal.csv;
252;mlst_cmp.py;exp_GE_50;graph_GE_50_1_50_50_251;output_kruskal.csv;
253;mlst_cmp.py;exp_GE_50;graph_GE_50_1_50_50_252;output_kruskal.csv;
254;mlst_cmp.py;exp_GE_50;graph_GE_50_1_50_50_253;output_kruskal.csv;
255;mlst_cmp.py;exp_GE_50;graph_GE_50_1_50_50_254;output_kruskal.csv;
256;mlst_cmp.py;exp_GE_50;graph_GE_50_1_50_50_255;output_kruskal.csv;
257;mlst_cmp.py;exp_GE_50;graph_GE_50_1_50_50_256;output_kruskal.csv;
258;mlst_cmp.py;exp_GE_50;graph_GE_50_1_50_50_257;output_kruskal.csv;
259;mlst_cmp.py;exp_GE_50;graph_GE_50_1_50_50_258;output_kruskal.csv;
260;mlst_cmp.py;exp_GE_50;graph_GE_50_1_50_50_259;output_kruskal.csv;
261;mlst_cmp.py;exp_GE_50;graph_GE_50_1_50_50_260;output_kruskal.csv;
262;mlst_cmp.py;exp_GE_50;graph_GE_50_1_50_50_261;output_kruskal.csv;
263;mlst_cmp.py;exp_GE_50;graph_GE_50_1_50_50_262;output_kruskal.csv;
264;mlst_cmp.py;exp_GE_50;graph_GE_50_1_50_50_263;output_kruskal.csv;
265;mlst_cmp.py;exp_GE_50;graph_GE_50_1_50_50_264;output_kruskal.csv;
266;mlst_cmp.py;exp_GE_50;graph_GE_50_1_50_50_265;output_kruskal.csv;
267;mlst_cmp.py;exp_GE_50;graph_GE_50_1_50_50_266;output_kruskal.csv;
268;mlst_cmp.py;exp_GE_50;graph_GE_50_1_50_50_267;output_kruskal.csv;
269;mlst_cmp.py;exp_GE_50;graph_GE_50_1_50_50_268;output_kruskal.csv;
270;mlst_cmp.py;exp_GE_50;graph_GE_50_1_50_50_269;output_kruskal.csv;
271;mlst_cmp.py;exp_GE_50;graph_GE_50_1_50_50_270;output_kruskal.csv;
272;mlst_cmp.py;exp_GE_50;graph_GE_50_1_50_50_271;output_kruskal.csv;
273;mlst_cmp.py;exp_GE_50;graph_GE_50_1_50_50_272;output_kruskal.csv;
274;mlst_cmp.py;exp_GE_50;graph_GE_50_1_50_50_273;output_kruskal.csv;
275;mlst_cmp.py;exp_GE_50;graph_GE_50_1_50_50_274;output_kruskal.csv;
276;mlst_cmp.py;exp_GE_50;graph_GE_50_1_50_50_275;output_kruskal.csv;
277;mlst_cmp.py;exp_GE_50;graph_GE_50_1_50_50_276;output_kruskal.csv;
278;mlst_cmp.py;exp_GE_50;graph_GE_50_1_50_50_277;output_kruskal.csv;
279;mlst_cmp.py;exp_GE_50;graph_GE_50_1_50_50_278;output_kruskal.csv;
280;mlst_cmp.py;exp_GE_50;graph_GE_50_1_50_50_279;output_kruskal.csv;
281;mlst_cmp.py;exp_GE_50;graph_GE_50_1_50_50_280;output_kruskal.csv;
282;mlst_cmp.py;exp_GE_50;graph_GE_50_1_50_50_281;output_kruskal.csv;
283;mlst_cmp.py;exp_GE_50;graph_GE_50_1_50_50_282;output_kruskal.csv;
284;mlst_cmp.py;exp_GE_50;graph_GE_50_1_50_50_283;output_kruskal.csv;
285;mlst_cmp.py;exp_GE_50;graph_GE_50_1_50_50_284;output_kruskal.csv;
286;mlst_cmp.py;exp_GE_50;graph_GE_50_1_50_50_285;output_kruskal.csv;
287;mlst_cmp.py;exp_GE_50;graph_GE_50_1_50_50_286;output_kruskal.csv;
288;mlst_cmp.py;exp_GE_50;graph_GE_50_1_50_50_287;output_kruskal.csv;
289;mlst_cmp.py;exp_GE_50;graph_GE_50_1_50_50_288;output_kruskal.csv;
290;mlst_cmp.py;exp_GE_50;graph_GE_50_1_50_50_289;output_kruskal.csv;
291;mlst_cmp.py;exp_GE_50;graph_GE_50_1_50_50_290;output_kruskal.csv;
292;mlst_cmp.py;exp_GE_50;graph_GE_50_1_50_50_291;output_kruskal.csv;
293;mlst_cmp.py;exp_GE_50;graph_GE_50_1_50_50_292;output_kruskal.csv;
294;mlst_cmp.py;exp_GE_50;graph_GE_50_1_50_50_293;output_kruskal.csv;
295;mlst_cmp.py;exp_GE_50;graph_GE_50_1_50_50_294;output_kruskal.csv;
296;mlst_cmp.py;exp_GE_50;graph_GE_50_1_50_50_295;output_kruskal.csv;
297;mlst_cmp.py;exp_GE_50;graph_GE_50_1_50_50_296;output_kruskal.csv;
298;mlst_cmp.py;exp_GE_50;graph_GE_50_1_50_50_297;output_kruskal.csv;
299;mlst_cmp.py;exp_GE_50;graph_GE_50_1_50_50_298;output_kruskal.csv;
300;mlst_cmp.py;exp_GE_50;graph_GE_50_1_50_50_299;output_kruskal.csv;
301;mlst_cmp.py;exp_GE_50;graph_GE_50_1_50_50_300;output_kruskal.csv;
302;mlst_cmp.py;exp_GE_50;graph_GE_50_1_50_50_301;output_kruskal.csv;
303;mlst_cmp.py;exp_GE_50;graph_GE_50_1_50_50_302;output_kruskal.csv;
304;mlst_cmp.py;exp_GE_50;graph_GE_50_1_50_50_303;output_kruskal.csv;
305;mlst_cmp.py;exp_GE_50;graph_GE_50_1_50_50_304;output_kruskal.csv;
306;mlst_cmp.py;exp_GE_50;graph_GE_50_1_50_50_305;output_kruskal.csv;
307;mlst_cmp.py;exp_GE_50;graph_GE_50_1_50_50_306;output_kruskal.csv;
308;mlst_cmp.py;exp_GE_50;graph_GE_50_1_50_50_307;output_kruskal.csv;
309;mlst_cmp.py;exp_GE_50;graph_GE_50_1_50_50_308;output_kruskal.csv;
310;mlst_cmp.py;exp_GE_50;graph_GE_50_1_50_50_309;output_kruskal.csv;
311;mlst_cmp.py;exp_GE_50;graph_GE_50_1_50_50_310;output_kruskal.csv;
312;mlst_cmp.py;exp_GE_50;graph_GE_50_1_50_50_311;output_kruskal.csv;
313;mlst_cmp.py;exp_GE_50;graph_GE_50_1_50_50_312;output_kruskal.csv;
314;mlst_cmp.py;exp_GE_50;graph_GE_50_1_50_50_313;output_kruskal.csv;
315;mlst_cmp.py;exp_GE_50;graph_GE_50_1_50_50_314;output_kruskal.csv;
316;mlst_cmp.py;exp_GE_50;graph_GE_50_1_50_50_315;output_kruskal.csv;
317;mlst_cmp.py;exp_GE_50;graph_GE_50_1_50_50_316;output_kruskal.csv;
318;mlst_cmp.py;exp_GE_50;graph_GE_50_1_50_50_317;output_kruskal.csv;
319;mlst_cmp.py;exp_GE_50;graph_GE_50_1_50_50_318;output_kruskal.csv;
320;mlst_cmp.py;exp_GE_50;graph_GE_50_1_50_50_319;output_kruskal.csv;
321;mlst_cmp.py;exp_GE_50;graph_GE_50_1_50_50_320;output_kruskal.csv;
322;mlst_cmp.py;exp_GE_50;graph_GE_50_1_50_50_321;output_kruskal.csv;
323;mlst_cmp.py;exp_GE_50;graph_GE_50_1_50_50_322;output_kruskal.csv;
324;mlst_cmp.py;exp_GE_50;graph_GE_50_1_50_50_323;output_kruskal.csv;
325;mlst_cmp.py;exp_GE_50;graph_GE_50_1_50_50_324;output_kruskal.csv;
326;mlst_cmp.py;exp_GE_50;graph_GE_50_1_50_50_325;output_kruskal.csv;
327;mlst_cmp.py;exp_GE_50;graph_GE_50_1_50_50_326;output_kruskal.csv;
328;mlst_cmp.py;exp_GE_50;graph_GE_50_1_50_50_327;output_kruskal.csv;
329;mlst_cmp.py;exp_GE_50;graph_GE_50_1_50_50_328;output_kruskal.csv;
330;mlst_cmp.py;exp_GE_50;graph_GE_50_1_50_50_329;output_kruskal.csv;
331;mlst_cmp.py;exp_GE_50;graph_GE_50_1_50_50_330;output_kruskal.csv;
332;mlst_cmp.py;exp_GE_50;graph_GE_50_1_50_50_331;output_kruskal.csv;
333;mlst_cmp.py;exp_GE_50;graph_GE_50_1_50_50_332;output_kruskal.csv;
334;mlst_cmp.py;exp_GE_50;graph_GE_50_1_50_50_333;output_kruskal.csv;
335;mlst_cmp.py;exp_GE_50;graph_GE_50_1_50_50_334;output_kruskal.csv;
336;mlst_cmp.py;exp_GE_50;graph_GE_50_1_50_50_335;output_kruskal.csv;
337;mlst_cmp.py;exp_GE_50;graph_GE_50_1_50_50_336;output_kruskal.csv;
338;mlst_cmp.py;exp_GE_50;graph_GE_50_1_50_50_337;output_kruskal.csv;
339;mlst_cmp.py;exp_GE_50;graph_GE_50_1_50_50_338;output_kruskal.csv;
340;mlst_cmp.py;exp_GE_50;graph_GE_50_1_50_50_339;output_kruskal.csv;
341;mlst_cmp.py;exp_GE_50;graph_GE_50_1_50_50_340;output_kruskal.csv;
342;mlst_cmp.py;exp_GE_50;graph_GE_50_1_50_50_341;output_kruskal.csv;
343;mlst_cmp.py;exp_GE_50;graph_GE_50_1_50_50_342;output_kruskal.csv;
344;mlst_cmp.py;exp_GE_50;graph_GE_50_1_50_50_343;output_kruskal.csv;
345;mlst_cmp.py;exp_GE_50;graph_GE_50_1_50_50_344;output_kruskal.csv;
346;mlst_cmp.py;exp_GE_50;graph_GE_50_1_50_50_345;output_kruskal.csv;
347;mlst_cmp.py;exp_GE_50;graph_GE_50_1_50_50_346;output_kruskal.csv;
348;mlst_cmp.py;exp_GE_50;graph_GE_50_1_50_50_347;output_kruskal.csv;
349;mlst_cmp.py;exp_GE_50;graph_GE_50_1_50_50_348;output_kruskal.csv;
350;mlst_cmp.py;exp_GE_50;graph_GE_50_1_50_50_349;output_kruskal.csv;
351;mlst_cmp.py;exp_GE_50;graph_GE_50_1_50_50_350;output_kruskal.csv;
352;mlst_cmp.py;exp_GE_50;graph_GE_50_1_50_50_351;output_kruskal.csv;
353;mlst_cmp.py;exp_GE_50;graph_GE_50_1_50_50_352;output_kruskal.csv;
354;mlst_cmp.py;exp_GE_50;graph_GE_50_1_50_50_353;output_kruskal.csv;
355;mlst_cmp.py;exp_GE_50;graph_GE_50_1_50_50_354;output_kruskal.csv;
356;mlst_cmp.py;exp_GE_50;graph_GE_50_1_50_50_355;output_kruskal.csv;
357;mlst_cmp.py;exp_GE_50;graph_GE_50_1_50_50_356;output_kruskal.csv;
358;mlst_cmp.py;exp_GE_50;graph_GE_50_1_50_50_357;output_kruskal.csv;
359;mlst_cmp.py;exp_GE_50;graph_GE_50_1_50_50_358;output_kruskal.csv;
360;mlst_cmp.py;exp_GE_50;graph_GE_50_1_50_50_359;output_kruskal.csv;
361;mlst_cmp.py;exp_GE_50;graph_GE_50_1_50_50_360;output_kruskal.csv;
362;mlst_cmp.py;exp_GE_50;graph_GE_50_1_50_50_361;output_kruskal.csv;
363;mlst_cmp.py;exp_GE_50;graph_GE_50_1_50_50_362;output_kruskal.csv;
364;mlst_cmp.py;exp_GE_50;graph_GE_50_1_50_50_363;output_kruskal.csv;
365;mlst_cmp.py;exp_GE_50;graph_GE_50_1_50_50_364;output_kruskal.csv;
366;mlst_cmp.py;exp_GE_50;graph_GE_50_1_50_50_365;output_kruskal.csv;
367;mlst_cmp.py;exp_GE_50;graph_GE_50_1_50_50_366;output_kruskal.csv;
368;mlst_cmp.py;exp_GE_50;graph_GE_50_1_50_50_367;output_kruskal.csv;
369;mlst_cmp.py;exp_GE_50;graph_GE_50_1_50_50_368;output_kruskal.csv;
370;mlst_cmp.py;exp_GE_50;graph_GE_50_1_50_50_369;output_kruskal.csv;
371;mlst_cmp.py;exp_GE_50;graph_GE_50_1_50_50_370;output_kruskal.csv;
372;mlst_cmp.py;exp_GE_50;graph_GE_50_1_50_50_371;output_kruskal.csv;
373;mlst_cmp.py;exp_GE_50;graph_GE_50_1_50_50_372;output_kruskal.csv;
374;mlst_cmp.py;exp_GE_50;graph_GE_50_1_50_50_373;output_kruskal.csv;
375;mlst_cmp.py;exp_GE_50;graph_GE_50_1_50_50_374;output_kruskal.csv;
376;mlst_cmp.py;exp_GE_50;graph_GE_50_1_50_50_375;output_kruskal.csv;
377;mlst_cmp.py;exp_GE_50;graph_GE_50_1_50_50_376;output_kruskal.csv;
378;mlst_cmp.py;exp_GE_50;graph_GE_50_1_50_50_377;output_kruskal.csv;
379;mlst_cmp.py;exp_GE_50;graph_GE_50_1_50_50_378;output_kruskal.csv;
380;mlst_cmp.py;exp_GE_50;graph_GE_50_1_50_50_379;output_kruskal.csv;
381;mlst_cmp.py;exp_GE_50;graph_GE_50_1_50_50_380;output_kruskal.csv;
382;mlst_cmp.py;exp_GE_50;graph_GE_50_1_50_50_381;output_kruskal.csv;
383;mlst_cmp.py;exp_GE_50;graph_GE_50_1_50_50_382;output_kruskal.csv;
384;mlst_cmp.py;exp_GE_50;graph_GE_50_1_50_50_383;output_kruskal.csv;
385;mlst_cmp.py;exp_GE_50;graph_GE_50_1_50_50_384;output_kruskal.csv;
386;mlst_cmp.py;exp_GE_50;graph_GE_50_1_50_50_385;output_kruskal.csv;
387;mlst_cmp.py;exp_GE_50;graph_GE_50_1_50_50_386;output_kruskal.csv;
388;mlst_cmp.py;exp_GE_50;graph_GE_50_1_50_50_387;output_kruskal.csv;
389;mlst_cmp.py;exp_GE_50;graph_GE_50_1_50_50_388;output_kruskal.csv;
390;mlst_cmp.py;exp_GE_50;graph_GE_50_1_50_50_389;output_kruskal.csv;
391;mlst_cmp.py;exp_GE_50;graph_GE_50_1_50_50_390;output_kruskal.csv;
392;mlst_cmp.py;exp_GE_50;graph_GE_50_1_50_50_391;output_kruskal.csv;
393;mlst_cmp.py;exp_GE_50;graph_GE_50_1_50_50_392;output_kruskal.csv;
394;mlst_cmp.py;exp_GE_50;graph_GE_50_1_50_50_393;output_kruskal.csv;
395;mlst_cmp.py;exp_GE_50;graph_GE_50_1_50_50_394;output_kruskal.csv;
396;mlst_cmp.py;exp_GE_50;graph_GE_50_1_50_50_395;output_kruskal.csv;
397;mlst_cmp.py;exp_GE_50;graph_GE_50_1_50_50_396;output_kruskal.csv;
398;mlst_cmp.py;exp_GE_50;graph_GE_50_1_50_50_397;output_kruskal.csv;
399;mlst_cmp.py;exp_GE_50;graph_GE_50_1_50_50_398;output_kruskal.csv;
400;mlst_cmp.py;exp_GE_50;graph_GE_50_1_50_50_399;output_kruskal.csv;
